num_convex_hull_points,num_convexity_defects,bounding_box_width,bounding_box_height,aspect_ratio,contour_area,contour_perimeter,label
11,8,310,341,0.909091,57169.5,1981.03,gesture_name
10,7,310,340,0.911765,57697,2045.13,gesture_name
12,8,315,340,0.926471,58675.5,2004.75,gesture_name
13,11,310,330,0.939394,58146.5,1863.69,gesture_name
11,8,310,341,0.909091,58081,2132.33,gesture_name
12,10,314,341,0.920821,59522.5,1732.64,gesture_name
14,10,311,340,0.914706,56805.5,2405.51,gesture_name
9,6,315,341,0.923754,58104,2067.96,gesture_name
12,9,311,338,0.920118,58798.5,1881.69,gesture_name
10,8,312,340,0.917647,58901.5,1823.89,gesture_name
10,9,316,336,0.940476,57161,1757.65,gesture_name
15,11,312,335,0.931343,58538.5,1953.09,gesture_name
9,7,316,342,0.923977,59261,1850.28,gesture_name
11,9,313,338,0.926036,58870.5,1851.41,gesture_name
12,10,312,339,0.920354,58912.5,1914.32,gesture_name
10,8,313,340,0.920588,58834,1850.08,gesture_name
9,7,316,341,0.926686,58406,2026.44,gesture_name
11,9,314,340,0.923529,59390,1837.94,gesture_name
12,10,312,341,0.914956,60373,1649.77,gesture_name
11,9,314,341,0.920821,60238.5,1816.58,gesture_name
14,12,312,336,0.928571,59507,1840.42,gesture_name
13,10,306,340,0.9,57612,1606.6,gesture_name
10,7,312,341,0.914956,58127,1701.85,gesture_name
16,10,321,336,0.955357,58848.5,1781.89,gesture_name
16,10,346,343,1.00875,61868.5,1648.21,gesture_name
13,10,360,340,1.05882,62340,1826.96,gesture_name
16,12,376,339,1.10914,67861.5,1575.02,gesture_name
19,17,397,387,1.02584,90405,2612.38,gesture_name
16,12,407,454,0.896476,109418,3062.73,gesture_name
17,13,409,466,0.877682,115940,2399.97,gesture_name
15,13,273,341,0.800587,52435.5,1671.07,gesture_name
16,11,276,340,0.811765,52962,1659.02,gesture_name
17,13,277,338,0.819527,53034.5,1812.18,gesture_name
15,11,277,336,0.824405,53153,1859.39,gesture_name
13,9,287,342,0.839181,53348,1929.82,gesture_name
13,8,279,342,0.815789,53459.5,1794.66,gesture_name
13,7,295,341,0.865103,53481,1775.25,gesture_name
21,16,278,334,0.832335,53266.5,1750.86,gesture_name
13,8,289,340,0.85,53296,1924.16,gesture_name
12,8,293,341,0.859238,53832.5,1703.61,gesture_name
12,7,276,341,0.809384,53668.5,1710.72,gesture_name
17,13,282,339,0.831858,53413.5,1837.63,gesture_name
12,9,290,341,0.85044,53261.5,1939.63,gesture_name
12,8,297,342,0.868421,54243.5,1817.29,gesture_name
14,9,290,341,0.85044,53545,1862.5,gesture_name
12,6,279,341,0.818182,53960,1748.14,gesture_name
12,7,280,339,0.825959,53407.5,1789.15,gesture_name
14,10,287,340,0.844118,53708,1817.73,gesture_name
13,11,280,337,0.830861,53648,1862.16,gesture_name
17,11,278,339,0.820059,53834.5,1630.01,gesture_name
13,10,290,340,0.852941,53496.5,1794.18,gesture_name
13,7,291,341,0.853372,53665.5,1901.78,gesture_name
12,8,279,339,0.823009,53841.5,1692.24,gesture_name
15,12,283,338,0.837278,53454,1799.94,gesture_name
8,6,287,342,0.839181,53679,1799.79,gesture_name
14,11,275,340,0.808824,53537,1772.28,gesture_name
13,10,277,342,0.809942,53220,1813.39,gesture_name
16,9,279,339,0.823009,53836,1751.11,gesture_name
16,10,276,331,0.833837,53230,1901.68,gesture_name
10,7,284,341,0.832845,53528,1722.82,gesture_name
14,9,276,339,0.814159,53619.5,1804.52,gesture_name
12,9,278,340,0.817647,53542,1676.2,gesture_name
12,9,280,336,0.833333,53127.5,1865.09,gesture_name
13,9,278,341,0.815249,53186,1812.7,gesture_name
12,7,283,337,0.839763,53616.5,1797.98,gesture_name
15,9,282,337,0.836795,53033,2000.1,gesture_name
13,9,289,336,0.860119,52982,1903.53,gesture_name
12,9,279,341,0.818182,53326,2030.73,gesture_name
15,9,282,338,0.83432,53482.5,1800.86,gesture_name
14,11,275,331,0.830816,53225.5,1804.32,gesture_name
10,7,279,341,0.818182,53388.5,1919.52,gesture_name
13,8,287,339,0.846608,53360,1925.62,gesture_name
13,9,281,341,0.824047,53272,1793.25,gesture_name
13,8,286,340,0.841176,53462.5,1956,gesture_name
12,9,284,339,0.837758,53305.5,1855.43,gesture_name
12,7,287,340,0.844118,53237,1968.79,gesture_name
11,9,279,337,0.827893,53637.5,1681.61,gesture_name
11,6,284,341,0.832845,53459.5,1773.69,gesture_name
11,5,287,340,0.844118,53077.5,1957.37,gesture_name
11,7,291,334,0.871257,53687,1708.88,gesture_name
14,11,276,330,0.836364,53439.5,1791.15,gesture_name
14,9,280,337,0.830861,53481.5,1964.89,gesture_name
11,9,288,333,0.864865,53566,1677.37,gesture_name
16,11,278,340,0.817647,53509,1944.59,gesture_name
9,5,293,341,0.859238,53327,1902.65,gesture_name
12,8,276,340,0.811765,53435,1939.96,gesture_name
15,9,295,342,0.862573,56995.5,1565.87,gesture_name
13,9,296,342,0.865497,57216,1569.97,gesture_name
13,9,287,340,0.844118,53491,1762.96,gesture_name
22,17,283,414,0.683575,37625,1857.81,gesture_name
21,18,281,412,0.682039,35605.5,1895.56,gesture_name
22,17,277,410,0.67561,33466,1910.92,gesture_name
22,17,271,409,0.662592,31278.5,1952.96,gesture_name
17,12,267,408,0.654412,26790.5,1777.56,gesture_name
21,17,265,408,0.64951,29477,2003.63,gesture_name
21,16,267,408,0.654412,29491.5,2008.5,gesture_name
23,18,267,408,0.654412,29531,2014.74,gesture_name
21,15,267,407,0.65602,29568,2005.29,gesture_name
16,12,259,406,0.637931,22899,1967.71,gesture_name
18,12,214,325,0.658462,17029,1503.78,gesture_name
15,9,209,322,0.649068,16104,1621.32,gesture_name
16,12,213,310,0.687097,15756,1510.27,gesture_name
15,9,205,288,0.711806,15156,1354.73,gesture_name
16,12,207,308,0.672078,15301,1480.27,gesture_name
17,11,211,313,0.674121,15266,1514.27,gesture_name
14,9,214,299,0.715719,14952.5,1378.63,gesture_name
14,10,215,299,0.719064,14993,1389.36,gesture_name
18,12,217,328,0.661585,16017.5,1597.08,gesture_name
20,14,215,328,0.655488,15967,1614.49,gesture_name
17,10,214,328,0.652439,16221.5,1607.77,gesture_name
15,10,216,328,0.658537,16853.5,1566.45,gesture_name
18,12,221,328,0.67378,16753,1560.9,gesture_name
18,14,260,405,0.641975,20098.5,1917.87,gesture_name
19,14,259,394,0.65736,16026.5,1394.81,gesture_name
20,17,251,277,0.906137,11360,1199.65,gesture_name
21,16,286,365,0.783562,16287.5,1195.29,gesture_name
18,13,288,371,0.77628,16703.5,1238.75,gesture_name
22,16,288,372,0.774194,18020.5,1433.06,gesture_name
18,13,286,401,0.713217,20698,1787.35,gesture_name
14,9,287,402,0.71393,20944.5,1786.48,gesture_name
18,13,281,405,0.693827,19610.5,1492.57,gesture_name
15,9,279,406,0.687192,21347,1745.95,gesture_name
14,12,279,408,0.683824,20096.5,1509.26,gesture_name
15,11,274,409,0.669927,20460,1503.21,gesture_name
14,9,268,413,0.64891,20551.5,1516.97,gesture_name
14,11,266,393,0.676845,20856,1509.07,gesture_name
19,14,265,401,0.660848,20758,1473.42,gesture_name
21,16,267,424,0.629717,20995.5,1564.23,gesture_name
22,17,261,420,0.621429,22170,1578.95,gesture_name
17,12,254,426,0.596244,22297.5,1419.72,gesture_name
16,10,254,450,0.564444,22515.5,1421.57,gesture_name
20,14,257,456,0.563596,22720.5,1475.03,gesture_name
20,12,266,441,0.603175,23574.5,1632.08,gesture_name
15,11,275,443,0.620767,22799,1606.61,gesture_name
19,14,279,408,0.683824,22609.5,1393.52,gesture_name
18,14,292,400,0.73,21980,1500.47,gesture_name
15,10,304,417,0.729017,22296.5,1686.05,gesture_name
20,12,307,414,0.741546,22382.5,1674.05,gesture_name
19,12,314,406,0.773399,22312.5,1668.68,gesture_name
21,14,318,402,0.791045,22380.5,1769.45,gesture_name
21,16,323,417,0.77458,22327,1848.54,gesture_name
23,16,326,426,0.765258,21984,1925.17,gesture_name
22,19,324,419,0.77327,21921,1890.89,gesture_name
21,17,323,424,0.761792,21809.5,1909.13,gesture_name
20,15,323,422,0.765403,21817,1904,gesture_name
22,16,323,423,0.763593,21826,1898.74,gesture_name
16,11,330,423,0.780142,24256,1802.72,gesture_name
21,16,334,438,0.762557,29424.5,1956.56,gesture_name
20,12,334,442,0.755656,30977,2009.29,gesture_name
21,14,338,443,0.76298,32186,2170.14,gesture_name
19,13,345,445,0.775281,37531.5,2491.26,gesture_name
27,23,348,446,0.780269,39294,2566.62,gesture_name
22,17,350,446,0.784753,41498,2652.56,gesture_name
23,18,356,448,0.794643,45060,2647.24,gesture_name
16,13,433,450,0.962222,80322,4751.65,gesture_name
20,17,433,450,0.962222,80231,4900.31,gesture_name
20,16,433,451,0.960089,79960.5,4856.46,gesture_name
15,13,432,451,0.957871,79553.5,4861.09,gesture_name
18,16,433,452,0.957965,79808.5,4741.75,gesture_name
17,14,433,452,0.957965,79944,4922.51,gesture_name
16,13,433,452,0.957965,80408.5,5058.97,gesture_name
17,14,434,452,0.960177,79830.5,4735.47,gesture_name
26,21,355,452,0.785398,46141.5,2680.26,gesture_name
23,20,350,452,0.774336,43866,2647.24,gesture_name
25,18,348,452,0.769912,42743,2693.95,gesture_name
25,19,347,452,0.767699,41712,2692.56,gesture_name
23,18,347,452,0.767699,40510.5,2576.92,gesture_name
24,18,346,452,0.765487,40561.5,2611.14,gesture_name
22,17,344,453,0.759382,40632,2670.36,gesture_name
24,19,345,453,0.761589,40535.5,2648.8,gesture_name
23,19,345,453,0.761589,40573,2633.24,gesture_name
24,18,343,453,0.757174,40421.5,2582.23,gesture_name
22,18,345,453,0.761589,40628,2653.67,gesture_name
24,19,344,453,0.759382,40679,2684.36,gesture_name
26,20,344,453,0.759382,40540,2602.13,gesture_name
22,16,345,453,0.761589,40475.5,2619.83,gesture_name
24,19,344,453,0.759382,40362,2609.39,gesture_name
24,18,343,452,0.75885,40423.5,2625.49,gesture_name
23,17,343,452,0.75885,40479.5,2602.8,gesture_name
21,16,344,453,0.759382,40539.5,2640.8,gesture_name
23,18,345,453,0.761589,40486,2613.59,gesture_name
23,18,344,454,0.757709,40518,2668.07,gesture_name
24,18,343,454,0.755507,40518.5,2607.49,gesture_name
25,19,343,454,0.755507,40576,2669.39,gesture_name
23,18,344,453,0.759382,40695,2638.56,gesture_name
25,19,344,454,0.757709,40596.5,2663.77,gesture_name
26,20,344,454,0.757709,40501.5,2603.2,gesture_name
24,19,343,453,0.757174,40418,2663.53,gesture_name
24,21,343,454,0.755507,40596.5,2638.66,gesture_name
21,17,344,453,0.759382,40329.5,2639.43,gesture_name
23,19,344,453,0.759382,40461,2586.41,gesture_name
21,18,343,453,0.757174,40374,2619.1,gesture_name
24,19,342,454,0.753304,40399.5,2665.77,gesture_name
22,17,343,454,0.755507,40464.5,2681.37,gesture_name
27,23,343,454,0.755507,40383.5,2640.46,gesture_name
23,17,343,454,0.755507,40338.5,2682.74,gesture_name
23,17,342,454,0.753304,40288.5,2646.66,gesture_name
21,17,343,454,0.755507,40405,2630.27,gesture_name
25,19,343,454,0.755507,40447.5,2671.97,gesture_name
21,18,345,454,0.759912,40381.5,2650.46,gesture_name
23,18,343,454,0.755507,40260.5,2624.8,gesture_name
23,19,344,455,0.756044,40564,2698.7,gesture_name
21,17,343,454,0.755507,40309.5,2673.63,gesture_name
23,17,343,454,0.755507,40388,2722.5,gesture_name
27,21,343,455,0.753846,40362,2633.87,gesture_name
26,21,342,454,0.753304,40315,2657.53,gesture_name
25,20,344,455,0.756044,40277,2679.81,gesture_name
26,21,341,455,0.749451,40366,2611.24,gesture_name
25,21,341,455,0.749451,40190.5,2636.8,gesture_name
23,18,343,455,0.753846,40330.5,2646.31,gesture_name
25,20,342,455,0.751648,40313,2637.87,gesture_name
21,17,343,455,0.753846,40499,2687.67,gesture_name
22,16,342,454,0.753304,40428,2701.13,gesture_name
22,18,343,454,0.755507,40365,2658.01,gesture_name
22,16,345,453,0.761589,40260,2677.81,gesture_name
24,18,345,453,0.761589,40199.5,2702.05,gesture_name
26,21,343,452,0.75885,40163,2612.15,gesture_name
26,21,345,452,0.763274,40143,2640.5,gesture_name
26,22,346,452,0.765487,40340,2673.67,gesture_name
22,17,346,452,0.765487,40380,2671.81,gesture_name
23,20,346,452,0.765487,40253.5,2695.91,gesture_name
21,17,345,451,0.764967,40325.5,2660.6,gesture_name
25,19,345,452,0.763274,40308.5,2692.74,gesture_name
23,18,346,452,0.765487,40347,2691.61,gesture_name
25,20,344,452,0.761062,40344,2716.1,gesture_name
22,16,344,452,0.761062,40340,2715.95,gesture_name
26,20,344,452,0.761062,40475.5,2729.85,gesture_name
28,21,345,452,0.763274,40405.5,2730.34,gesture_name
23,19,346,452,0.765487,40490.5,2712.54,gesture_name
24,19,344,452,0.761062,40403.5,2673.23,gesture_name
23,18,344,452,0.761062,40662.5,2738.88,gesture_name
24,20,345,452,0.763274,40381.5,2666.88,gesture_name
22,17,345,452,0.763274,40301.5,2705.02,gesture_name
25,20,346,452,0.765487,40495.5,2744.2,gesture_name
21,15,344,452,0.761062,40337,2696.3,gesture_name
27,20,344,452,0.761062,40291,2673.13,gesture_name
25,19,344,452,0.761062,40351.5,2625.28,gesture_name
23,17,342,452,0.756637,39326.5,2679.51,gesture_name
23,17,337,452,0.745575,36596,2636.41,gesture_name
22,16,341,451,0.756098,36852,2405.34,gesture_name
23,17,341,451,0.756098,36914,2787.69,gesture_name
22,15,339,451,0.751663,34856,2342.79,gesture_name
22,15,335,451,0.742794,32562.5,2118.38,gesture_name
21,15,331,451,0.733925,31587.5,2133.35,gesture_name
20,14,334,451,0.740576,31473,2133.6,gesture_name
20,14,339,447,0.758389,31070,2062.14,gesture_name
24,17,341,408,0.835784,26527,1728.92,gesture_name
27,21,321,430,0.746512,27402.5,1788.13,gesture_name
26,19,317,433,0.732102,27346.5,1704.03,gesture_name
29,24,318,449,0.708241,30989.5,1900.9,gesture_name
24,17,326,460,0.708696,35251,2100.68,gesture_name
25,20,331,464,0.713362,36396,2154,gesture_name
24,18,329,466,0.706009,36746,2294.08,gesture_name
22,16,330,467,0.706638,36577,2279.88,gesture_name
24,18,331,465,0.711828,36547.5,2274.53,gesture_name
24,17,335,465,0.72043,37514,2277.74,gesture_name
27,21,329,467,0.704497,37816.5,2309.01,gesture_name
23,16,325,469,0.692964,37893,2256.42,gesture_name
26,18,326,470,0.693617,38825,2263.25,gesture_name
25,17,325,471,0.690021,38921.5,2307.44,gesture_name
25,18,324,470,0.689362,39063.5,2283.64,gesture_name
23,17,327,468,0.698718,39045.5,2273.84,gesture_name
27,20,332,463,0.717063,38955.5,2223.01,gesture_name
22,16,336,459,0.732026,38842,2311.4,gesture_name
23,16,337,457,0.737418,38408.5,2304.95,gesture_name
26,18,337,451,0.747228,38419.5,2235.01,gesture_name
32,24,343,412,0.832524,37437.5,1827.34,gesture_name
29,24,360,352,1.02273,33833.5,1687.68,gesture_name
25,21,357,301,1.18605,27658,1751.93,gesture_name
25,20,340,256,1.32812,29761.5,1493.72,gesture_name
23,19,304,242,1.2562,31625,1195.69,gesture_name
14,10,305,283,1.07774,39980.5,1639.92,gesture_name
16,13,221,386,0.572539,49569,1302.92,gesture_name
16,14,190,297,0.639731,30641,1018.67,gesture_name
16,13,156,182,0.857143,14863.5,1023.25,gesture_name
15,12,134,150,0.893333,12415.5,644.943,gesture_name
14,11,131,155,0.845161,11145,669.671,gesture_name
15,11,124,171,0.725146,10369,700.441,gesture_name
9,7,117,187,0.625668,10236.5,756.683,gesture_name
15,12,76,194,0.391753,8471,617.872,gesture_name
13,10,75,201,0.373134,8308,779.21,gesture_name
12,9,65,156,0.416667,5449.5,515.688,gesture_name
8,5,63,149,0.422819,4191.5,366.978,gesture_name
14,8,94,115,0.817391,4201,654.014,gesture_name
8,5,63,150,0.42,4046.5,371.463,gesture_name
13,13,81,113,0.716814,4052,520.617,gesture_name
14,12,83,115,0.721739,4340.5,644.257,gesture_name
21,19,598,480,1.24583,179673,5286.79,gesture_name
25,21,602,480,1.25417,200466,3943.99,gesture_name
13,13,603,480,1.25625,209824,4495.69,gesture_name
15,14,607,480,1.26458,211646,4645.72,gesture_name
18,16,619,480,1.28958,216165,4411.31,gesture_name
16,14,640,480,1.33333,218457,5003.92,gesture_name
12,10,640,480,1.33333,217164,5256.82,gesture_name
11,10,640,480,1.33333,204406,4913.7,gesture_name
8,8,640,480,1.33333,234266,6371.24,gesture_name
9,8,640,480,1.33333,238618,6046.79,gesture_name
9,8,640,480,1.33333,239778,6056.53,gesture_name
10,9,640,480,1.33333,237902,6316.72,gesture_name
12,11,640,480,1.33333,237990,5969.54,gesture_name
8,8,640,480,1.33333,237939,5689.11,gesture_name
9,8,640,480,1.33333,237688,5336.62,gesture_name
8,7,640,480,1.33333,236474,5354.42,gesture_name
10,9,640,480,1.33333,239037,4597.36,gesture_name
11,10,640,480,1.33333,227024,4910.02,gesture_name
10,9,640,480,1.33333,237166,5063.4,gesture_name
9,7,640,480,1.33333,235545,4754.13,gesture_name
8,8,640,480,1.33333,232424,4677,gesture_name
10,9,640,480,1.33333,229524,5100.38,gesture_name
8,7,640,480,1.33333,229425,4961.41,gesture_name
9,8,640,480,1.33333,233284,4409.12,gesture_name
8,8,640,480,1.33333,231532,4926.5,gesture_name
9,8,640,480,1.33333,232542,4059.41,gesture_name
8,8,640,480,1.33333,231020,4881.73,gesture_name
10,8,640,480,1.33333,231672,4756.19,gesture_name
10,9,640,480,1.33333,231172,4861.49,gesture_name
8,7,640,480,1.33333,231503,4857.39,gesture_name
8,7,640,480,1.33333,231402,4874.95,gesture_name
9,9,640,480,1.33333,231512,4722.72,gesture_name
9,8,640,480,1.33333,231452,4847.83,gesture_name
8,7,640,480,1.33333,231105,4634.74,gesture_name
8,7,640,480,1.33333,231930,4675.32,gesture_name
8,8,640,480,1.33333,231816,4760.72,gesture_name
9,7,640,480,1.33333,231036,4686.92,gesture_name
9,8,640,480,1.33333,231980,4665.95,gesture_name
8,8,640,480,1.33333,232068,4551.73,gesture_name
9,8,640,480,1.33333,230676,5000.43,gesture_name
7,7,640,480,1.33333,230410,5040.04,gesture_name
8,7,640,480,1.33333,237050,3992.41,gesture_name
8,7,640,480,1.33333,245172,4465.09,gesture_name
10,9,640,480,1.33333,283480,4039.28,gesture_name
4,3,640,480,1.33333,305193,2551.16,gesture_name
4,0,640,480,1.33333,306081,2236,gesture_name
4,0,640,480,1.33333,306081,2236,gesture_name
4,0,640,480,1.33333,306081,2236,gesture_name
4,0,640,480,1.33333,306081,2236,gesture_name
4,0,640,480,1.33333,306081,2236,gesture_name
4,0,640,480,1.33333,306081,2236,gesture_name
4,0,640,480,1.33333,306081,2236,gesture_name
4,0,640,480,1.33333,306081,2236,gesture_name
6,6,640,480,1.33333,297266,3268.85,gesture_name
8,6,640,480,1.33333,290445,3715.83,gesture_name
7,6,640,480,1.33333,243113,4453.58,gesture_name
7,7,640,480,1.33333,226386,4901.13,gesture_name
8,8,640,480,1.33333,205846,4899.92,gesture_name
13,12,640,480,1.33333,182676,6606.2,gesture_name
22,19,567,480,1.18125,138928,4883.12,gesture_name
25,20,481,480,1.00208,113558,3605.79,gesture_name
30,25,443,480,0.922917,93249,3376.82,gesture_name
23,17,438,480,0.9125,86438,2808.52,gesture_name
21,15,438,480,0.9125,84055,2306.65,gesture_name
25,20,438,480,0.9125,82496.5,2302.41,gesture_name
28,23,437,480,0.910417,80942,2327.42,gesture_name
25,19,436,480,0.908333,80046,2387.08,gesture_name
20,15,436,480,0.908333,77967,2136.97,gesture_name
20,14,436,480,0.908333,77293.5,2127.21,gesture_name
19,15,433,480,0.902083,74655.5,2487.89,gesture_name
21,16,424,480,0.883333,70417,2569.16,gesture_name
21,17,417,480,0.86875,67732.5,2670.17,gesture_name
32,26,265,213,1.24413,34530.5,1058.13,gesture_name
32,28,252,205,1.22927,31808,1016.29,gesture_name
25,22,251,197,1.27411,30240,1026.43,gesture_name
35,28,247,195,1.26667,29406,1003.12,gesture_name
32,27,243,190,1.27895,28652.5,940.933,gesture_name
19,13,264,340,0.776471,27526,1744.01,gesture_name
17,11,264,340,0.776471,27539.5,1699.97,gesture_name
17,11,264,340,0.776471,27571.5,1724.45,gesture_name
18,12,264,340,0.776471,27591.5,1711.28,gesture_name
18,12,264,340,0.776471,27582.5,1743.77,gesture_name
19,13,264,340,0.776471,27535,1740.01,gesture_name
18,12,264,340,0.776471,27502.5,1713.62,gesture_name
18,12,264,340,0.776471,27561,1710.21,gesture_name
19,12,265,340,0.779412,27553,1746.35,gesture_name
19,12,266,341,0.780059,27746,1684.41,gesture_name
19,13,265,342,0.774854,27580,1744.35,gesture_name
18,11,265,343,0.772595,27649.5,1770.74,gesture_name
17,10,265,343,0.772595,27450.5,1787.22,gesture_name
19,14,266,343,0.77551,27534.5,1762.59,gesture_name
18,12,264,342,0.77193,27613,1642.47,gesture_name
15,10,257,330,0.778788,27106.5,1370.72,gesture_name
28,24,236,184,1.28261,26728.5,949.904,gesture_name
32,26,237,186,1.27419,26874.5,918.507,gesture_name
25,23,237,184,1.28804,26831.5,883.477,gesture_name
28,23,240,184,1.30435,26934,928.205,gesture_name
32,27,237,183,1.29508,26847.5,923.762,gesture_name
29,27,239,185,1.29189,26896.5,921.904,gesture_name
30,26,236,184,1.28261,26860.5,905.619,gesture_name
27,23,235,185,1.27027,26844,908.749,gesture_name
27,22,238,184,1.29348,26732,962.004,gesture_name
30,25,237,186,1.27419,26833.5,944.247,gesture_name
20,13,261,312,0.836538,27113.5,1424.66,gesture_name
17,12,270,329,0.820669,27513,1640.75,gesture_name
16,12,272,333,0.816817,27362.5,1740.74,gesture_name
13,9,272,334,0.814371,27468.5,1655.62,gesture_name
16,11,272,334,0.814371,27238,1710.01,gesture_name
19,12,272,335,0.81194,27244.5,1730.74,gesture_name
19,13,272,335,0.81194,27197.5,1777.85,gesture_name
17,11,272,335,0.81194,27340.5,1672.94,gesture_name
17,11,272,334,0.814371,27159,1729.32,gesture_name
16,12,273,334,0.817365,27142,1769.12,gesture_name
18,12,273,333,0.81982,27067.5,1719.22,gesture_name
19,13,273,333,0.81982,27093.5,1748.74,gesture_name
17,12,272,333,0.816817,27242.5,1690.45,gesture_name
19,12,272,333,0.816817,27059,1740.64,gesture_name
17,11,272,333,0.816817,27028.5,1746.88,gesture_name
18,13,272,333,0.816817,27046,1755.46,gesture_name
19,12,272,333,0.816817,26950.5,1807.51,gesture_name
19,13,272,333,0.816817,26187,2065.25,gesture_name
17,11,271,333,0.813814,26058.5,2050.73,gesture_name
19,14,271,333,0.813814,25967,2053.45,gesture_name
20,14,272,333,0.816817,25634,2040,gesture_name
16,11,271,333,0.813814,24322,1558.81,gesture_name
18,11,270,333,0.810811,24127.5,1559.4,gesture_name
19,12,270,333,0.810811,24150.5,1557.4,gesture_name
17,11,270,332,0.813253,24088,1561.16,gesture_name
18,11,270,333,0.810811,24090,1560.95,gesture_name
16,11,270,333,0.810811,24094,1561.64,gesture_name
18,12,270,333,0.810811,24103.5,1560.71,gesture_name
18,11,270,333,0.810811,24013,1564.47,gesture_name
19,13,270,334,0.808383,23931,1565.64,gesture_name
17,11,270,333,0.810811,23876,1562.81,gesture_name
18,11,270,333,0.810811,23790,1560.13,gesture_name
19,13,270,334,0.808383,23781.5,1561.88,gesture_name
18,11,270,333,0.810811,23725.5,1559.74,gesture_name
17,11,264,329,0.802432,23125,1507.76,gesture_name
21,15,227,306,0.74183,21133.5,1041.02,gesture_name
24,19,205,304,0.674342,18915,973.46,gesture_name
22,15,205,306,0.669935,18857.5,978.188,gesture_name
23,18,205,307,0.667752,18942,978.632,gesture_name
24,18,204,308,0.662338,18921,980.632,gesture_name
22,15,204,307,0.664495,18862,978.632,gesture_name
27,21,204,307,0.664495,18679,975.945,gesture_name
24,18,204,299,0.682274,18173,959.117,gesture_name
25,18,203,296,0.685811,18061.5,954.389,gesture_name
25,19,202,298,0.677852,18381.5,953.561,gesture_name
22,18,206,305,0.67541,19323.5,987.36,gesture_name
21,16,214,315,0.679365,21233.5,1016.53,gesture_name
15,10,253,339,0.746313,23891,1426.7,gesture_name
15,9,261,348,0.75,24233,1589.64,gesture_name
18,11,265,352,0.752841,24655.5,1620.23,gesture_name
15,9,266,354,0.751412,24756.5,1629.26,gesture_name
17,13,267,355,0.752113,24431,1609.9,gesture_name
17,11,264,355,0.743662,24328,1603.42,gesture_name
20,13,263,352,0.747159,24462.5,1601.66,gesture_name
15,9,241,350,0.688571,24133.5,1523.86,gesture_name
18,12,216,346,0.624277,20976.5,1302.86,gesture_name
18,12,208,345,0.602899,16264.5,953.561,gesture_name
20,13,228,343,0.664723,21231,1051.14,gesture_name
18,12,270,338,0.798817,27070.5,1310.81,gesture_name
22,15,297,337,0.881306,29061,1564.9,gesture_name
22,15,315,340,0.926471,30623,1626.78,gesture_name
20,13,327,343,0.953353,32017,1662.38,gesture_name
19,13,335,346,0.968208,33033,1697.35,gesture_name
20,14,340,347,0.979827,33492,1708.8,gesture_name
21,14,340,348,0.977011,33542,1707.63,gesture_name
20,15,337,350,0.962857,33190.5,1696.56,gesture_name
22,16,335,352,0.951705,32934,1711.63,gesture_name
18,12,331,355,0.932394,32882.5,1686.76,gesture_name
19,12,328,357,0.918768,32527,1679.2,gesture_name
21,14,325,358,0.907821,32317.5,1677.79,gesture_name
20,14,324,358,0.905028,32207,1680.38,gesture_name
17,12,324,357,0.907563,32154,1670.38,gesture_name
20,13,317,340,0.932353,30944,1460.61,gesture_name
24,17,297,306,0.970588,27540,1167.88,gesture_name
23,17,281,292,0.962329,24732,939.484,gesture_name
24,19,276,289,0.955017,24274,960.656,gesture_name
23,18,274,293,0.935154,24219,951.484,gesture_name
24,18,271,296,0.915541,24006.5,953.242,gesture_name
27,21,272,297,0.915825,23888.5,963.585,gesture_name
25,19,277,295,0.938983,23959.5,970.899,gesture_name
23,19,285,304,0.9375,25403,1059.99,gesture_name
21,16,321,357,0.89916,31290.5,1465.14,gesture_name
17,12,322,357,0.901961,30786.5,1680.54,gesture_name
20,14,329,348,0.945402,30972,1641.52,gesture_name
19,14,333,336,0.991071,30082.5,1628.94,gesture_name
22,15,333,328,1.01524,29527,1600.07,gesture_name
19,13,331,327,1.01223,29378,1594.9,gesture_name
19,13,325,329,0.987842,29255,1584.75,gesture_name
19,13,324,331,0.978852,29093,1597.58,gesture_name
19,12,322,333,0.966967,29041.5,1592.51,gesture_name
21,15,321,335,0.958209,29140,1597.93,gesture_name
21,15,320,340,0.941176,29378.5,1612.51,gesture_name
20,13,319,345,0.924638,29498,1627.1,gesture_name
22,15,318,352,0.903409,29711.5,1631.68,gesture_name
21,14,318,354,0.898305,29717,1521.16,gesture_name
20,14,320,349,0.916905,29752.5,1527.2,gesture_name
20,13,320,346,0.924855,29614,1603.38,gesture_name
20,13,320,350,0.914286,29587.5,1524.85,gesture_name
20,14,316,346,0.913295,28203,1332.65,gesture_name
21,15,296,347,0.853026,24817.5,1233.01,gesture_name
19,13,319,344,0.927326,24567,1558.41,gesture_name
17,11,321,355,0.904225,23615.5,1525.54,gesture_name
17,10,315,366,0.860656,24455.5,1550.85,gesture_name
17,12,305,371,0.822102,24886,1570.33,gesture_name
16,10,299,373,0.801609,24714,1619.44,gesture_name
19,13,297,374,0.794118,24668.5,1621.88,gesture_name
22,16,298,373,0.798928,24620.5,1615.54,gesture_name
19,13,298,373,0.798928,24592.5,1614.37,gesture_name
20,14,298,372,0.801075,24576.5,1622.37,gesture_name
17,12,297,373,0.796247,24569.5,1616.71,gesture_name
20,15,296,373,0.793566,24568.5,1619.54,gesture_name
18,12,295,373,0.790885,24538.5,1624.03,gesture_name
19,13,295,373,0.790885,24545.5,1627.68,gesture_name
16,10,293,373,0.785523,24522.5,1625.2,gesture_name
18,12,292,373,0.782842,24574,1630.95,gesture_name
17,12,291,373,0.780161,24571,1629.3,gesture_name
20,15,290,374,0.775401,24553.5,1631.2,gesture_name
16,10,290,374,0.775401,24555.5,1624.71,gesture_name
22,16,293,374,0.783422,24652.5,1601.4,gesture_name
23,17,297,373,0.796247,24803,1606.67,gesture_name
20,14,278,364,0.763736,23978.5,1361.98,gesture_name
26,21,264,306,0.862745,21978.5,1109.38,gesture_name
21,16,266,288,0.923611,21019,1054.66,gesture_name
23,17,267,290,0.92069,21023,1059.48,gesture_name
23,17,266,294,0.904762,21187,1062.66,gesture_name
20,14,264,296,0.891892,21175,1079.83,gesture_name
22,16,262,298,0.879195,21196,1073.14,gesture_name
25,19,258,301,0.857143,21334.5,1057.38,gesture_name
23,17,276,332,0.831325,21864,1163.51,gesture_name
19,15,269,357,0.753501,22428.5,1245.78,gesture_name
19,13,279,368,0.758152,22834.5,1576.94,gesture_name
19,13,287,368,0.779891,23273,1587.38,gesture_name
18,12,290,369,0.785908,23584.5,1575.48,gesture_name
20,14,293,366,0.800546,23598.5,1576.8,gesture_name
19,13,291,363,0.801653,23361.5,1565.82,gesture_name
20,14,288,359,0.802228,22878.5,1560.31,gesture_name
22,16,288,355,0.811268,23040,1414.67,gesture_name
24,20,284,314,0.904459,20993.5,1115.95,gesture_name
26,20,267,297,0.89899,21154.5,985.041,gesture_name
22,18,284,284,1,22655,984.798,gesture_name
20,16,301,269,1.11896,24225.5,992.413,gesture_name
25,20,315,261,1.2069,24873,999.685,gesture_name
22,16,320,258,1.24031,24861.5,1117.61,gesture_name
22,16,321,258,1.24419,24971.5,1129.27,gesture_name
22,18,320,260,1.23077,24937.5,1127.75,gesture_name
26,20,318,264,1.20455,24899.5,1131.55,gesture_name
24,18,319,273,1.1685,25310,1147.25,gesture_name
26,21,322,285,1.12982,26880,1256.44,gesture_name
20,14,341,302,1.12914,29562.5,1560.13,gesture_name
22,15,356,314,1.13376,31122,1665.91,gesture_name
22,16,374,325,1.15077,32855.5,1689.47,gesture_name
26,20,378,338,1.11834,34100,1782.91,gesture_name
24,20,380,352,1.07955,35781.5,1743.55,gesture_name
23,17,372,376,0.989362,38250,1579.26,gesture_name
22,18,355,387,0.917313,39867.5,1403.74,gesture_name
20,15,336,412,0.815534,40511,1439.36,gesture_name
21,17,322,425,0.757647,40345.5,1504.08,gesture_name
21,16,311,431,0.721578,39740,1539.98,gesture_name
18,12,303,435,0.696552,39345,1596.81,gesture_name
18,12,294,439,0.669704,38109,1540.04,gesture_name
18,13,287,442,0.649321,38228,1697.93,gesture_name
20,14,282,442,0.638009,37436.5,1764.8,gesture_name
20,14,280,439,0.637813,36705,1933.2,gesture_name
22,16,280,433,0.646651,35319.5,1785.77,gesture_name
20,14,282,423,0.666667,35208,1696.9,gesture_name
20,15,291,406,0.716749,35665,1437.07,gesture_name
20,16,303,384,0.789062,34864,1441.16,gesture_name
18,14,311,357,0.871148,33116,1429.72,gesture_name
23,17,314,337,0.931751,30072,1624.2,gesture_name
24,18,312,326,0.957055,28701,1598.54,gesture_name
27,20,309,316,0.977848,27833,1569.71,gesture_name
23,18,302,313,0.964856,28392,1366.84,gesture_name
20,14,291,317,0.917981,28426,1272.67,gesture_name
26,20,284,321,0.884735,26861,1485.89,gesture_name
27,21,284,322,0.881988,26576,1545.97,gesture_name
19,13,288,323,0.891641,27291.5,1448.48,gesture_name
23,17,295,325,0.907692,27787.5,1431.99,gesture_name
24,20,302,327,0.923547,28658.5,1379.22,gesture_name
25,19,313,328,0.954268,30130,1163.62,gesture_name
25,21,326,326,1,31244.5,1122.46,gesture_name
26,20,348,320,1.0875,32215.5,1114.46,gesture_name
24,17,368,314,1.17197,33521.5,1217.03,gesture_name
26,19,386,306,1.26144,34289.5,1287.17,gesture_name
22,18,398,297,1.34007,34655.5,1373.94,gesture_name
26,19,407,291,1.39863,33860,1647.97,gesture_name
20,15,413,289,1.42907,33675.5,1673.19,gesture_name
23,18,415,289,1.43599,33478,1770.83,gesture_name
23,16,415,289,1.43599,33722.5,1706.3,gesture_name
23,16,419,297,1.41077,35469,1774.06,gesture_name
22,15,417,311,1.34084,37729.5,1765.1,gesture_name
22,15,415,324,1.28086,38268.5,1767.79,gesture_name
24,17,404,333,1.21321,38274.5,1664.05,gesture_name
23,16,389,340,1.14412,37785,1631.81,gesture_name
23,16,377,345,1.09275,36993.5,1706.28,gesture_name
21,16,368,348,1.05747,35885.5,1723.87,gesture_name
18,12,360,349,1.03152,35369.5,1688.76,gesture_name
22,16,352,348,1.01149,35446,1587.95,gesture_name
19,13,343,346,0.991329,35880.5,1440.77,gesture_name
19,14,327,345,0.947826,35780.5,1359.92,gesture_name
21,15,309,346,0.893064,35395,1326.08,gesture_name
20,14,288,351,0.820513,35084.5,1294.58,gesture_name
20,14,285,430,0.662791,42870.5,2061.93,gesture_name
18,13,262,430,0.609302,40601,2241.17,gesture_name
16,11,271,429,0.631702,39816,2328.63,gesture_name
14,11,255,428,0.595794,41788.5,1797.34,gesture_name
19,14,245,429,0.571096,41604,1701.36,gesture_name
17,13,232,428,0.542056,40702.5,1603.92,gesture_name
16,12,226,429,0.526807,39923.5,1793.46,gesture_name
18,13,210,429,0.48951,38939,1823.84,gesture_name
19,13,196,429,0.456876,39236.5,1628.81,gesture_name
16,11,184,429,0.428904,37850.5,1528.92,gesture_name
18,14,179,429,0.417249,37003.5,1603.21,gesture_name
21,15,180,429,0.41958,36296,1641.99,gesture_name
23,19,184,429,0.428904,36337.5,1643.55,gesture_name
19,14,181,428,0.422897,36418,1648.96,gesture_name
21,17,183,430,0.425581,36554,1695.45,gesture_name
20,18,178,429,0.414918,36624,1624.14,gesture_name
19,16,180,430,0.418605,36437.5,1599.41,gesture_name
19,14,180,428,0.420561,36485.5,1676.04,gesture_name
17,13,181,429,0.421911,36400,1671.31,gesture_name
26,21,181,429,0.421911,36242,1662.28,gesture_name
23,17,181,428,0.422897,36222.5,1750.12,gesture_name
21,18,181,429,0.421911,36342,1666.28,gesture_name
21,18,181,429,0.421911,36349,1642.96,gesture_name
18,13,182,429,0.424242,36605,1690.56,gesture_name
15,11,182,428,0.425234,36454,1705.25,gesture_name
16,11,181,429,0.421911,36549,1701.73,gesture_name
19,13,182,428,0.425234,36426.5,1743.78,gesture_name
18,13,182,430,0.423256,36635,1726.36,gesture_name
19,13,182,430,0.423256,36586,1708.56,gesture_name
19,13,182,429,0.424242,36614,1727.19,gesture_name
22,17,180,430,0.418605,36502,1638.28,gesture_name
18,12,179,430,0.416279,36409,1734.5,gesture_name
16,12,179,428,0.418224,36316.5,1757.09,gesture_name
17,14,180,419,0.429594,33232.5,1506.64,gesture_name
15,11,179,414,0.432367,29540.5,1506.9,gesture_name
17,11,178,406,0.438424,28133,1546.74,gesture_name
18,13,176,401,0.438903,25755.5,1600.27,gesture_name
17,11,174,376,0.462766,25183.5,1505.36,gesture_name
16,10,174,376,0.462766,25096,1508.57,gesture_name
15,10,172,377,0.456233,25077,1501.74,gesture_name
15,10,172,377,0.456233,25090,1499.6,gesture_name
19,15,173,378,0.457672,25085,1502.09,gesture_name
15,10,174,378,0.460317,25140,1504.92,gesture_name
16,11,173,378,0.457672,25187.5,1509.5,gesture_name
17,10,175,378,0.462963,25213.5,1513.64,gesture_name
16,11,174,378,0.460317,25204,1507.6,gesture_name
16,12,175,378,0.462963,25186,1515.4,gesture_name
16,11,176,378,0.465608,25281.5,1511.5,gesture_name
17,12,178,378,0.470899,25477.5,1503.5,gesture_name
15,10,181,376,0.481383,25812.5,1405.5,gesture_name
23,17,184,375,0.490667,25646,1412.51,gesture_name
23,19,184,371,0.495957,26410.5,1278.07,gesture_name
24,20,171,330,0.518182,22268,1078.77,gesture_name
23,18,154,290,0.531034,19008,972.891,gesture_name
22,17,151,287,0.526132,19040,847.352,gesture_name
20,16,152,290,0.524138,18886,820.181,gesture_name
21,16,152,291,0.522337,18854,815.009,gesture_name
22,17,153,292,0.523973,18772.5,807.938,gesture_name
21,17,153,292,0.523973,18744.5,807.938,gesture_name
21,17,153,292,0.523973,18727,805.696,gesture_name
20,18,154,292,0.527397,18716,809.352,gesture_name
21,16,156,294,0.530612,19011.5,947.82,gesture_name
18,12,189,339,0.557522,23471,1108.15,gesture_name
16,10,200,366,0.546448,26830.5,1260.82,gesture_name
17,11,202,364,0.554945,25412,1442.37,gesture_name
16,10,204,360,0.566667,25086.5,1424.13,gesture_name
15,9,205,360,0.569444,25134,1424.37,gesture_name
15,9,206,360,0.572222,25191,1423.89,gesture_name
17,11,206,358,0.575419,25108.5,1418.13,gesture_name
15,10,206,358,0.575419,25112,1415.4,gesture_name
14,8,206,358,0.575419,25161.5,1418.82,gesture_name
17,11,206,358,0.575419,25240.5,1427.99,gesture_name
17,11,207,361,0.573407,26367,1476.03,gesture_name
18,12,204,360,0.566667,26614,1257.54,gesture_name
21,17,208,336,0.619048,24094,1146.23,gesture_name
19,14,204,316,0.64557,22813.5,967.477,gesture_name
26,22,173,292,0.592466,20058.5,929.134,gesture_name
22,16,161,294,0.547619,20005,850.666,gesture_name
20,15,161,296,0.543919,19834,801.411,gesture_name
23,17,163,295,0.552542,19792.5,797.654,gesture_name
21,17,164,294,0.557823,19791,797.411,gesture_name
23,18,165,293,0.56314,19761,796.24,gesture_name
21,16,165,292,0.565068,19761.5,792.139,gesture_name
25,20,168,302,0.556291,20847,807.009,gesture_name
19,13,188,338,0.556213,23892,1062.29,gesture_name
17,11,217,363,0.597796,27176,1344.6,gesture_name
19,14,224,360,0.622222,26298,1469.28,gesture_name
15,9,226,354,0.638418,25993.5,1450.9,gesture_name
18,11,227,353,0.643059,25899,1445.34,gesture_name
15,10,228,354,0.644068,25859.5,1444.76,gesture_name
16,11,228,354,0.644068,25842.5,1445.58,gesture_name
16,10,230,354,0.649718,26009.5,1451.38,gesture_name
18,12,232,355,0.653521,26102,1453.48,gesture_name
14,9,233,356,0.654494,26260.5,1462.9,gesture_name
16,9,233,358,0.650838,26419,1464.8,gesture_name
18,12,232,359,0.64624,26442.5,1464.41,gesture_name
18,14,231,359,0.643454,26306,1467.48,gesture_name
15,10,232,359,0.64624,26201.5,1466.9,gesture_name
21,15,231,360,0.641667,26017,1466.31,gesture_name
16,10,230,360,0.638889,26005,1463.34,gesture_name
16,10,232,361,0.642659,26143.5,1465.24,gesture_name
15,8,235,360,0.652778,26619,1470.6,gesture_name
17,13,241,357,0.67507,26906,1477.08,gesture_name
17,14,248,351,0.706553,27285.5,1476.15,gesture_name
17,12,258,351,0.735043,27463,1487.51,gesture_name
16,11,263,352,0.747159,27717.5,1506.72,gesture_name
17,10,269,351,0.766382,27995,1519.59,gesture_name
14,8,273,356,0.766854,28357,1527.59,gesture_name
14,7,275,358,0.768156,28423.5,1541.15,gesture_name
17,10,273,355,0.769014,29105.5,1534.32,gesture_name
17,11,264,363,0.727273,30274.5,1431.41,gesture_name
18,13,257,367,0.700272,31737,1269,gesture_name
15,10,238,379,0.627968,32506.5,1273.16,gesture_name
17,12,221,382,0.578534,33469.5,1262.87,gesture_name
17,11,205,383,0.535248,31827,1281.8,gesture_name
19,13,192,380,0.505263,29611.5,1264.53,gesture_name
19,14,185,377,0.490716,28377,1250.63,gesture_name
17,12,178,376,0.473404,27366,1424.37,gesture_name
18,13,176,376,0.468085,27298.5,1401.5,gesture_name
18,13,177,377,0.469496,27351,1412.77,gesture_name
18,12,174,378,0.460317,27656,1238.21,gesture_name
18,15,156,383,0.407311,23106,1101.72,gesture_name
25,18,84,379,0.221636,17194,925.955,gesture_name
20,14,208,377,0.551724,24776.5,1640.52,gesture_name
19,12,220,355,0.619718,26143,1436.4,gesture_name
18,11,221,339,0.651917,26689,1386.74,gesture_name
20,14,215,336,0.639881,25286,1396.74,gesture_name
20,13,210,356,0.589888,22931.5,1467.95,gesture_name
18,12,210,357,0.588235,22160.5,1493.07,gesture_name
19,12,210,357,0.588235,22278,1470.68,gesture_name
19,12,210,357,0.588235,22212,1481.51,gesture_name
20,12,209,357,0.585434,22119,1478.2,gesture_name
18,13,209,358,0.583799,22082.5,1485.61,gesture_name
18,11,209,358,0.583799,22056,1489.85,gesture_name
17,11,209,357,0.585434,21998.5,1484.92,gesture_name
17,11,209,357,0.585434,21957.5,1482.09,gesture_name
17,11,208,357,0.582633,21970,1484.2,gesture_name
18,12,209,357,0.585434,21930,1485.85,gesture_name
17,12,208,357,0.582633,21904.5,1483.61,gesture_name
16,10,208,357,0.582633,21900.5,1485.27,gesture_name
18,12,207,356,0.581461,21868,1481.85,gesture_name
18,11,207,356,0.581461,21861.5,1482.44,gesture_name
17,11,205,356,0.575843,21844.5,1489.27,gesture_name
18,12,199,355,0.560563,21921,1488.2,gesture_name
20,13,195,352,0.553977,21610,1455.57,gesture_name
16,10,183,344,0.531977,20498.5,1463.75,gesture_name
16,10,142,335,0.423881,16842,1326.88,gesture_name
22,16,104,330,0.315152,12264,821.21,gesture_name
20,15,144,326,0.441718,17342.5,914.222,gesture_name
14,8,197,319,0.617555,22252.5,1142.19,gesture_name
17,11,220,321,0.685358,23073.5,1299.87,gesture_name
17,12,229,321,0.713396,22949,1384.2,gesture_name
16,10,233,321,0.725857,22902.5,1406.58,gesture_name
17,11,232,325,0.713846,23129,1405.51,gesture_name
20,14,230,328,0.70122,23163,1412.34,gesture_name
17,11,228,329,0.693009,23156.5,1412.44,gesture_name
16,11,227,330,0.687879,23138.5,1416.09,gesture_name
17,11,228,331,0.688822,23151.5,1418.3,gesture_name
18,14,226,332,0.680723,23160.5,1418.78,gesture_name
17,12,226,332,0.680723,23180.5,1420.44,gesture_name
17,11,226,332,0.680723,23167.5,1420.78,gesture_name
18,12,227,332,0.683735,23148,1424.68,gesture_name
18,13,226,332,0.680723,23119,1423.85,gesture_name
21,15,225,332,0.677711,23128.5,1423.95,gesture_name
20,14,226,333,0.678679,23081,1424.68,gesture_name
18,12,225,333,0.675676,23124,1425.85,gesture_name
19,13,225,332,0.677711,23111,1426.68,gesture_name
19,13,225,332,0.677711,23104,1427.51,gesture_name
18,13,225,332,0.677711,23074,1430.48,gesture_name
22,16,224,332,0.674699,23077,1433.31,gesture_name
20,15,222,332,0.668675,23072,1427.65,gesture_name
21,16,222,332,0.668675,23012.5,1428.92,gesture_name
20,14,221,331,0.667674,23001,1427.99,gesture_name
21,15,220,331,0.664653,23001,1425.17,gesture_name
16,11,221,331,0.667674,23008.5,1425.89,gesture_name
20,14,221,331,0.667674,22997,1425.65,gesture_name
15,10,220,330,0.666667,22963.5,1423.89,gesture_name
22,15,221,330,0.669697,22935.5,1425.21,gesture_name
20,14,220,329,0.668693,22933,1422.14,gesture_name
21,16,221,328,0.67378,22928.5,1422.38,gesture_name
20,14,221,328,0.67378,22924,1421.45,gesture_name
22,15,221,328,0.67378,22914,1416.48,gesture_name
20,15,221,329,0.671733,22937,1418.14,gesture_name
21,14,222,329,0.674772,23013.5,1424.04,gesture_name
20,13,223,328,0.679878,23000,1424.62,gesture_name
22,15,223,328,0.679878,22964.5,1422.86,gesture_name
20,16,222,328,0.676829,23045.5,1421.55,gesture_name
23,16,222,329,0.674772,23038.5,1423.21,gesture_name
21,15,223,329,0.677812,23040.5,1420.38,gesture_name
22,15,223,328,0.679878,23017.5,1421.21,gesture_name
20,14,224,327,0.685015,23039,1418.96,gesture_name
21,14,221,327,0.675841,22991.5,1416.38,gesture_name
21,14,218,328,0.664634,22860.5,1412.72,gesture_name
21,14,217,328,0.661585,22797,1412.48,gesture_name
21,14,217,329,0.659574,22812.5,1420.38,gesture_name
20,14,218,328,0.664634,22811.5,1415.07,gesture_name
21,14,216,329,0.656535,22816.5,1417.07,gesture_name
21,14,212,328,0.646341,22748.5,1416.38,gesture_name
22,15,207,327,0.633028,22609,1421.45,gesture_name
20,14,204,327,0.623853,22520.5,1425.35,gesture_name
23,17,202,326,0.619632,22448.5,1423.35,gesture_name
24,18,200,321,0.623053,22607,1284.82,gesture_name
25,21,196,281,0.697509,20246,998.573,gesture_name
23,17,191,263,0.726236,18378.5,901.418,gesture_name
25,20,191,258,0.74031,17907,901.318,gesture_name
27,21,179,254,0.704724,16796.5,714.909,gesture_name
25,19,198,254,0.779528,17320.5,868.105,gesture_name
29,23,189,254,0.744094,16986,724.808,gesture_name
28,22,189,255,0.741176,17103,727.293,gesture_name
27,22,186,257,0.723735,17287,732.465,gesture_name
27,22,186,258,0.72093,17400.5,735.051,gesture_name
27,21,184,258,0.713178,17405.5,734.222,gesture_name
27,22,182,258,0.705426,17388.5,733.051,gesture_name
29,23,182,258,0.705426,17374.5,732.708,gesture_name
25,19,181,258,0.70155,17309.5,727.394,gesture_name
25,19,180,258,0.697674,17288,727.151,gesture_name
27,21,178,257,0.692607,17209,725.98,gesture_name
27,21,179,257,0.696498,17170,727.98,gesture_name
24,18,180,258,0.697674,17227.5,728.222,gesture_name
24,19,181,259,0.698842,17263.5,730.222,gesture_name
22,16,180,258,0.697674,17215.5,730.222,gesture_name
28,22,180,258,0.697674,17234.5,729.051,gesture_name
25,20,180,258,0.697674,17197,729.637,gesture_name
24,18,180,258,0.697674,17231.5,728.222,gesture_name
25,19,181,258,0.70155,17260.5,731.879,gesture_name
26,20,182,258,0.705426,17294.5,730.222,gesture_name
27,23,183,258,0.709302,17325.5,735.051,gesture_name
28,22,182,258,0.705426,17345.5,732.222,gesture_name
27,20,183,258,0.709302,17365.5,735.394,gesture_name
26,21,183,258,0.709302,17358.5,733.394,gesture_name
27,21,182,258,0.705426,17371,731.98,gesture_name
29,23,182,258,0.705426,17373,731.98,gesture_name
27,21,183,258,0.709302,17365,731.151,gesture_name
28,22,182,258,0.705426,17364.5,731.394,gesture_name
28,22,183,258,0.709302,17361.5,733.051,gesture_name
25,19,183,257,0.712062,17327.5,731.394,gesture_name
31,25,183,258,0.709302,17341,732.808,gesture_name
30,24,184,257,0.715953,17317,730.808,gesture_name
25,20,185,256,0.722656,17295,730.465,gesture_name
25,19,202,251,0.804781,17803.5,741.193,gesture_name
28,21,220,241,0.912863,17754,736.063,gesture_name
28,23,250,226,1.10619,18454,760.347,gesture_name
26,20,280,218,1.2844,19569.5,792.531,gesture_name
27,20,304,215,1.41395,20842.5,878.33,gesture_name
24,19,323,206,1.56796,21712.5,877.845,gesture_name
18,11,341,215,1.58605,23094,1088.03,gesture_name
18,14,365,203,1.79803,23700.5,1131.04,gesture_name
18,13,372,209,1.7799,24198,1212.68,gesture_name
18,13,372,216,1.72222,24369,1286.7,gesture_name
18,15,363,222,1.63514,23959,1225.73,gesture_name
20,15,362,228,1.58772,23781.5,1220.18,gesture_name
16,10,359,230,1.56087,23947.5,1236.46,gesture_name
17,12,359,231,1.55411,24108.5,1355.46,gesture_name
20,14,360,231,1.55844,24329,1399.98,gesture_name
20,15,361,231,1.56277,24441.5,1375.4,gesture_name
21,15,364,231,1.57576,24573.5,1403.54,gesture_name
16,11,368,230,1.6,24644.5,1399.2,gesture_name
17,13,369,230,1.60435,24745.5,1398.37,gesture_name
19,13,370,228,1.62281,24528.5,1313.17,gesture_name
20,14,370,226,1.63717,24524,1286.16,gesture_name
19,12,382,224,1.70536,24601.5,1339.03,gesture_name
18,12,379,223,1.69955,24606,1354.24,gesture_name
16,11,372,223,1.66816,24419.5,1333.03,gesture_name
16,12,370,223,1.65919,24282.5,1326.83,gesture_name
19,13,368,222,1.65766,24088.5,1320.34,gesture_name
19,15,367,222,1.65315,23947,1335.27,gesture_name
21,16,368,222,1.65766,23956.5,1332.97,gesture_name
19,14,368,222,1.65766,23954.5,1350.29,gesture_name
21,14,367,222,1.65315,23975,1326.73,gesture_name
19,16,369,223,1.65471,24043.5,1348.29,gesture_name
18,13,369,222,1.66216,24126,1348.39,gesture_name
21,16,372,223,1.66816,24315,1356.53,gesture_name
20,14,371,224,1.65625,24399.5,1352.63,gesture_name
18,14,372,225,1.65333,24493.5,1353.46,gesture_name
18,12,371,229,1.62009,24588,1301.76,gesture_name
19,14,369,241,1.53112,25031.5,1365.8,gesture_name
17,13,365,257,1.42023,25569.5,1263.37,gesture_name
20,15,365,272,1.34191,26050.5,1429.14,gesture_name
20,15,364,272,1.33824,26159,1367.98,gesture_name
17,11,364,259,1.40541,25622.5,1435.14,gesture_name
17,11,364,258,1.41085,25570.5,1456.25,gesture_name
16,11,364,256,1.42188,25421.5,1473.08,gesture_name
15,11,364,255,1.42745,25471.5,1453.91,gesture_name
15,10,363,253,1.43478,25264,1438.69,gesture_name
19,14,363,251,1.44622,24853,1333.64,gesture_name
17,12,363,252,1.44048,24935,1329.16,gesture_name
20,15,364,251,1.4502,24971.5,1313.06,gesture_name
18,14,364,252,1.44444,25161,1322.67,gesture_name
15,12,368,249,1.47791,25021.5,1270.83,gesture_name
18,11,372,239,1.55649,24845.5,1274,gesture_name
22,16,371,230,1.61304,24570,1224.85,gesture_name
21,14,372,227,1.63877,24481,1174.56,gesture_name
21,14,373,228,1.63596,24545.5,1215.78,gesture_name
24,18,375,228,1.64474,24663,1222.02,gesture_name
19,14,376,227,1.65639,24713.5,1217.63,gesture_name
20,15,376,225,1.67111,24583.5,1163.35,gesture_name
18,12,377,224,1.68304,24571,1161.94,gesture_name
21,17,376,224,1.67857,24449,1171.59,gesture_name
17,15,375,224,1.67411,24413,1163.59,gesture_name
17,13,374,223,1.67713,24318,1166.42,gesture_name
14,12,374,223,1.67713,24245,1163.59,gesture_name
20,16,374,223,1.67713,24202,1179.25,gesture_name
19,13,371,224,1.65625,24203.5,1171.98,gesture_name
20,15,372,223,1.66816,24151,1169.59,gesture_name
23,17,372,223,1.66816,24248,1223.19,gesture_name
21,15,372,224,1.66071,24217.5,1179.98,gesture_name
20,14,372,223,1.66816,24267,1184.08,gesture_name
16,12,375,224,1.67411,24339,1187.39,gesture_name
19,14,376,223,1.6861,24489.5,1213.63,gesture_name
22,17,377,224,1.68304,24420.5,1186.32,gesture_name
19,14,376,223,1.6861,24424.5,1184.81,gesture_name
22,16,377,224,1.68304,24478,1225.53,gesture_name
20,15,375,223,1.68161,24364,1189.25,gesture_name
21,15,375,222,1.68919,24443.5,1213.63,gesture_name
20,15,378,223,1.69507,24474,1192.22,gesture_name
23,18,378,223,1.69507,24590.5,1236.95,gesture_name
21,16,377,224,1.68304,24650.5,1233.29,gesture_name
19,15,380,224,1.69643,24681.5,1241.43,gesture_name
23,18,379,223,1.69955,24649.5,1240.6,gesture_name
23,18,380,224,1.69643,24713.5,1236.46,gesture_name
19,16,380,224,1.69643,24733,1241.88,gesture_name
23,18,379,224,1.69196,24736.5,1236.95,gesture_name
19,16,380,225,1.68889,24704.5,1232.95,gesture_name
19,13,379,224,1.69196,24608,1201.73,gesture_name
23,17,379,223,1.69955,24644,1236.36,gesture_name
23,18,377,223,1.69058,24608,1228.22,gesture_name
20,15,375,224,1.67411,24598.5,1230.95,gesture_name
23,20,377,223,1.69058,24527.5,1233.29,gesture_name
25,19,374,223,1.67713,24548.5,1220.95,gesture_name
23,20,375,224,1.67411,24545.5,1224.12,gesture_name
21,17,375,224,1.67411,24557.5,1226.6,gesture_name
22,16,375,224,1.67411,24513,1188.22,gesture_name
18,14,377,224,1.68304,24641.5,1232.6,gesture_name
21,15,376,224,1.67857,24590,1230.85,gesture_name
19,15,378,226,1.67257,24690.5,1257.92,gesture_name
24,17,376,226,1.66372,24700,1245.82,gesture_name
21,16,377,226,1.66814,24690,1239.33,gesture_name
22,17,377,226,1.66814,24691.5,1247.23,gesture_name
20,13,377,226,1.66814,24672,1249.96,gesture_name
22,16,376,226,1.66372,24719,1250.5,gesture_name
22,15,376,225,1.67111,24577.5,1214.6,gesture_name
22,18,376,223,1.6861,24507.5,1180.32,gesture_name
21,18,376,221,1.70136,24419,1176.42,gesture_name
22,17,376,219,1.71689,24436,1169.45,gesture_name
22,19,375,219,1.71233,24423,1190.08,gesture_name
20,17,375,220,1.70455,24423.5,1172.66,gesture_name
22,17,373,220,1.69545,24397.5,1189.98,gesture_name
21,16,375,220,1.70455,24502.5,1205.29,gesture_name
18,14,377,220,1.71364,24557,1185.25,gesture_name
23,18,377,221,1.70588,24673,1204.22,gesture_name
20,14,378,220,1.71818,24692.5,1183.15,gesture_name
25,18,378,221,1.71041,24733,1195.88,gesture_name
20,16,377,221,1.70588,24749.5,1215.15,gesture_name
22,16,377,221,1.70588,24730.5,1184.18,gesture_name
22,18,378,221,1.71041,24726.5,1207.63,gesture_name
22,16,379,220,1.72273,24695,1183.25,gesture_name
21,17,378,221,1.71041,24665,1182.42,gesture_name
23,18,376,221,1.70136,24540,1206.22,gesture_name
21,16,374,221,1.69231,24591.5,1234.26,gesture_name
20,16,375,222,1.68919,24513,1194.7,gesture_name
23,17,376,222,1.69369,24672.5,1229.09,gesture_name
22,18,376,222,1.69369,24612.5,1214.46,gesture_name
19,16,378,222,1.7027,24629,1246.85,gesture_name
22,17,376,222,1.69369,24665.5,1243.09,gesture_name
21,15,376,222,1.69369,24664.5,1237.92,gesture_name
20,15,376,221,1.70136,24674,1242.85,gesture_name
23,17,376,222,1.69369,24665,1250.36,gesture_name
19,15,377,221,1.70588,24670,1247.68,gesture_name
24,19,376,222,1.69369,24675.5,1243.09,gesture_name
23,19,377,222,1.6982,24704,1237.68,gesture_name
20,15,377,222,1.6982,24737.5,1237.43,gesture_name
20,14,377,221,1.70588,24711.5,1238.95,gesture_name
21,15,377,222,1.6982,24776.5,1238.6,gesture_name
22,16,378,223,1.69507,24795,1216.7,gesture_name
21,15,376,224,1.67857,24828.5,1227.92,gesture_name
21,17,375,223,1.68161,24687,1226.7,gesture_name
18,13,375,223,1.68161,24710,1218.85,gesture_name
21,15,372,223,1.66816,24666,1209.53,gesture_name
24,17,370,225,1.64444,24588.5,1206.95,gesture_name
19,13,365,227,1.60793,24388.5,1196.6,gesture_name
21,17,364,230,1.58261,24194.5,1201.78,gesture_name
22,16,359,229,1.56769,23967.5,1195.09,gesture_name
25,19,358,228,1.57018,23825,1175.88,gesture_name
23,20,359,227,1.5815,23876,1177.05,gesture_name
20,15,363,227,1.59912,24028,1178.7,gesture_name
22,17,367,225,1.63111,24180,1205.68,gesture_name
19,13,370,225,1.64444,24441.5,1183.98,gesture_name
18,13,373,224,1.66518,24532.5,1173.63,gesture_name
17,14,373,223,1.67265,24455,1191.39,gesture_name
20,13,373,222,1.68018,24444,1169.25,gesture_name
21,15,374,221,1.69231,24368.5,1158.52,gesture_name
19,14,372,219,1.69863,24401.5,1152.18,gesture_name
19,15,372,216,1.72222,24222,1141.31,gesture_name
21,15,373,217,1.71889,24258,1152.62,gesture_name
20,14,371,218,1.70183,24136,1150.28,gesture_name
20,14,370,219,1.6895,24129,1181.39,gesture_name
23,17,368,218,1.68807,24062,1151.11,gesture_name
20,16,371,218,1.70183,24194.5,1175.83,gesture_name
23,17,370,218,1.69725,24240.5,1195.49,gesture_name
22,16,371,219,1.69406,24274,1211.53,gesture_name
20,17,369,219,1.68493,24121.5,1186.81,gesture_name
19,15,368,218,1.68807,23861.5,1170.18,gesture_name
22,17,365,217,1.68203,23481.5,1106.09,gesture_name
20,15,364,216,1.68519,23280,1126.96,gesture_name
18,14,361,217,1.66359,23129.5,1124.72,gesture_name
19,14,358,217,1.64977,23102.5,1105.41,gesture_name
20,15,358,220,1.62727,23340,1131.11,gesture_name
19,14,360,220,1.63636,23537,1141.59,gesture_name
19,13,360,221,1.62896,23725,1160.08,gesture_name
18,12,361,221,1.63348,23834,1153.25,gesture_name
23,17,361,221,1.63348,23821.5,1145.83,gesture_name
21,16,361,222,1.62613,23910.5,1156.32,gesture_name
21,16,362,221,1.63801,23887,1150.08,gesture_name
20,16,363,221,1.64253,23946,1154.91,gesture_name
21,15,362,220,1.64545,23922,1159.25,gesture_name
20,15,362,221,1.63801,23909.5,1163.49,gesture_name
24,18,361,222,1.62613,23941.5,1153.15,gesture_name
21,17,362,222,1.63063,23941,1178.08,gesture_name
20,16,363,221,1.64253,23928,1177.39,gesture_name
21,17,363,220,1.65,23779,1154.91,gesture_name
19,14,365,221,1.65158,23736.5,1145.35,gesture_name
20,14,367,222,1.65315,23749.5,1146.04,gesture_name
19,13,369,226,1.63274,23931,1160.28,gesture_name
24,18,369,227,1.62555,24489,1308.3,gesture_name
18,12,374,223,1.67713,24398.5,1308.4,gesture_name
18,13,373,222,1.68018,24264.5,1307.57,gesture_name
21,16,381,222,1.71622,24259,1346.16,gesture_name
19,13,380,220,1.72727,24278,1320.16,gesture_name
14,8,380,214,1.7757,24084.5,1128.35,gesture_name
18,13,379,218,1.73853,24255,1255.73,gesture_name
18,13,379,226,1.67699,24334.5,1247.15,gesture_name
16,12,372,234,1.58974,24470,1223.25,gesture_name
17,12,370,235,1.57447,24619,1336.1,gesture_name
21,15,366,233,1.57082,24316.5,1247.63,gesture_name
20,15,368,234,1.57265,24615.5,1315.03,gesture_name
20,14,372,233,1.59657,24632.5,1317.37,gesture_name
19,15,373,231,1.61472,24747.5,1384.49,gesture_name
18,15,377,230,1.63913,24504.5,1352.69,gesture_name
20,14,369,232,1.59052,24549.5,1280.12,gesture_name
16,11,369,234,1.57692,24647,1267.68,gesture_name
16,13,369,235,1.57021,24574,1237.25,gesture_name
18,13,369,236,1.56356,24471.5,1274.06,gesture_name
19,14,371,229,1.62009,24395,1251.47,gesture_name
18,12,370,227,1.62996,24262.5,1228.26,gesture_name
19,13,370,225,1.64444,24270,1230.36,gesture_name
19,13,371,227,1.63436,24621,1335.42,gesture_name
21,14,373,232,1.60776,24363,1226.56,gesture_name
18,15,375,224,1.67411,24167.5,1230.66,gesture_name
20,14,367,226,1.62389,24085.5,1213.49,gesture_name
18,12,365,234,1.55983,24526,1347.9,gesture_name
18,13,363,236,1.53814,24689.5,1286.06,gesture_name
16,11,364,232,1.56897,24839.5,1337.31,gesture_name
24,17,364,237,1.53586,25119,1422.95,gesture_name
22,15,367,239,1.53556,25314.5,1450.8,gesture_name
20,15,369,239,1.54393,25473.5,1426.51,gesture_name
23,16,369,239,1.54393,25390,1412.95,gesture_name
19,13,370,240,1.54167,25320,1382.95,gesture_name
18,12,370,239,1.54812,25217.5,1311.46,gesture_name
18,14,370,241,1.53527,25223.5,1317.94,gesture_name
22,15,368,232,1.58621,24497,1197.05,gesture_name
19,13,371,234,1.58547,24618.5,1248.46,gesture_name
18,12,371,235,1.57872,24662.5,1257.09,gesture_name
20,13,370,234,1.5812,24610,1258.85,gesture_name
20,14,367,234,1.56838,24659.5,1333.31,gesture_name
22,18,366,234,1.5641,24617,1306.44,gesture_name
21,14,366,233,1.57082,24884.5,1358.83,gesture_name
21,17,366,228,1.60526,24710,1289.47,gesture_name
19,15,370,228,1.62281,24839,1348.93,gesture_name
23,17,371,231,1.60606,24972.5,1404.63,gesture_name
21,15,368,233,1.5794,25064,1412.67,gesture_name
22,16,371,232,1.59914,25274,1346.04,gesture_name
19,13,376,234,1.60684,25216,1283.13,gesture_name
20,15,374,234,1.59829,25297,1293.62,gesture_name
22,17,372,232,1.60345,25272.5,1322.14,gesture_name
19,13,371,232,1.59914,25397.5,1357.74,gesture_name
20,14,371,235,1.57872,25399.5,1293.86,gesture_name
17,11,372,234,1.58974,25332.5,1304.83,gesture_name
19,14,376,233,1.61373,25542.5,1382.71,gesture_name
22,16,376,231,1.62771,25688,1376.33,gesture_name
19,13,374,230,1.62609,25528,1361.01,gesture_name
19,14,370,227,1.62996,25065,1377.98,gesture_name
18,13,368,225,1.63556,24695.5,1285.52,gesture_name
18,13,369,223,1.65471,24615.5,1280.2,gesture_name
20,15,370,223,1.65919,24506,1277.62,gesture_name
18,12,371,224,1.65625,24485,1265.47,gesture_name
18,13,370,224,1.65179,24601,1359.36,gesture_name
21,15,368,224,1.64286,24570,1345.56,gesture_name
19,14,370,226,1.63717,24459,1297.07,gesture_name
20,13,368,228,1.61404,24478,1218.36,gesture_name
22,15,368,229,1.60699,24803,1260.79,gesture_name
19,14,370,228,1.62281,24665.5,1289.17,gesture_name
18,15,373,225,1.65778,24565,1270.99,gesture_name
20,14,374,227,1.64758,24603,1269.82,gesture_name
19,14,371,228,1.62719,24564,1252.85,gesture_name
20,14,371,229,1.62009,24602.5,1292.89,gesture_name
20,14,371,228,1.62719,24386.5,1218.95,gesture_name
18,14,372,229,1.62445,24511,1248.5,gesture_name
19,16,372,229,1.62445,24454,1250.5,gesture_name
18,16,371,229,1.62009,24442,1245.68,gesture_name
21,16,368,227,1.62115,24349,1230.85,gesture_name
19,15,370,226,1.63717,24388,1258.99,gesture_name
19,15,368,225,1.63556,24248,1222.36,gesture_name
19,13,362,225,1.60889,24003,1221.68,gesture_name
24,19,351,227,1.54626,23987,1061.91,gesture_name
26,21,340,231,1.47186,24174.5,989.384,gesture_name
21,16,307,239,1.28452,24612.5,1123.38,gesture_name
25,19,273,258,1.05814,24792,919.401,gesture_name
20,14,233,277,0.841155,24631,901.803,gesture_name
23,18,194,303,0.640264,25130,864.607,gesture_name
27,23,164,342,0.479532,26562,1000.21,gesture_name
27,22,150,357,0.420168,27107.5,984.365,gesture_name
28,22,140,368,0.380435,24302.5,1111.76,gesture_name
23,18,116,375,0.309333,18171.5,1009.05,gesture_name
17,11,149,377,0.395225,22167.5,1338.67,gesture_name
22,16,201,377,0.533156,25432.5,1513.67,gesture_name
18,13,211,381,0.553806,26445,1562.82,gesture_name
19,13,214,385,0.555844,27438,1612.62,gesture_name
20,13,213,388,0.548969,26553,1587.99,gesture_name
21,17,209,390,0.535897,25726.5,1723.83,gesture_name
17,11,207,391,0.529412,24618.5,1672.58,gesture_name
19,14,207,393,0.526718,24497.5,1673.89,gesture_name
20,16,207,395,0.524051,24481.5,1672.38,gesture_name
21,14,207,395,0.524051,24257.5,1666.52,gesture_name
21,15,209,392,0.533163,24313,1661.11,gesture_name
20,14,210,387,0.542636,24117,1645.94,gesture_name
20,15,207,381,0.543307,23685,1613.45,gesture_name
20,15,205,380,0.539474,23337,1576.48,gesture_name
21,15,197,378,0.521164,22779,1503.51,gesture_name
22,15,135,337,0.400593,19483.5,1157.08,gesture_name
25,21,114,319,0.357367,16911,972.181,gesture_name
22,19,116,314,0.369427,16448,970.181,gesture_name
22,17,115,314,0.366242,16243.5,982.566,gesture_name
24,19,115,311,0.369775,16039,973.495,gesture_name
24,18,113,311,0.363344,15965.5,976.08,gesture_name
23,17,112,310,0.36129,15865.5,968.909,gesture_name
24,18,111,310,0.358065,15902.5,972.566,gesture_name
24,20,110,310,0.354839,15852.5,982.222,gesture_name
24,18,111,311,0.356913,15967,981.009,gesture_name
26,19,111,311,0.356913,15977.5,978.08,gesture_name
27,21,110,313,0.351438,16199,951.696,gesture_name
23,18,117,324,0.361111,19355,1088.41,gesture_name
17,11,171,377,0.453581,23284.5,1524.21,gesture_name
21,15,198,388,0.510309,24309,1641.65,gesture_name
19,13,207,389,0.532134,24112.5,1671.69,gesture_name
22,15,206,389,0.529563,23940.5,1671.69,gesture_name
22,16,210,387,0.542636,23991,1671.11,gesture_name
20,14,209,387,0.540052,23892.5,1670.52,gesture_name
21,14,210,387,0.542636,23868,1670.42,gesture_name
20,13,210,386,0.544041,23804,1666.42,gesture_name
19,14,210,384,0.546875,23302,1620.28,gesture_name
16,11,210,380,0.552632,23062,1608.28,gesture_name
20,15,211,382,0.552356,23199,1608.96,gesture_name
22,15,212,385,0.550649,23405.5,1623.69,gesture_name
21,14,212,385,0.550649,23533.5,1632.18,gesture_name
21,15,213,384,0.554688,23667,1651.59,gesture_name
20,15,213,382,0.557592,23613.5,1650.66,gesture_name
18,13,212,380,0.557895,23512,1647.11,gesture_name
18,12,212,378,0.560847,23367.5,1639.01,gesture_name
20,14,210,377,0.557029,23189.5,1626.04,gesture_name
20,13,203,374,0.542781,22723,1602.48,gesture_name
18,12,190,372,0.510753,21690,1575.99,gesture_name
19,13,167,367,0.455041,20145.5,1536.09,gesture_name
17,10,149,360,0.413889,18074,1420.31,gesture_name
16,10,128,352,0.363636,13085,965.98,gesture_name
19,14,128,348,0.367816,15411,891.696,gesture_name
18,12,178,339,0.525074,21523,1206.03,gesture_name
15,10,201,357,0.563025,26799.5,1362.27,gesture_name
18,12,217,370,0.586486,28065,1493.34,gesture_name
18,12,231,377,0.612732,29197.5,1545.67,gesture_name
16,11,243,379,0.641161,30366.5,1660.66,gesture_name
18,12,245,379,0.646438,30816.5,1675.49,gesture_name
17,12,246,378,0.650794,31016,1702.36,gesture_name
18,13,247,378,0.653439,31204,1711.88,gesture_name
19,12,247,378,0.653439,31280.5,1703.98,gesture_name
15,9,247,378,0.653439,31294,1705.39,gesture_name
16,11,246,377,0.65252,31229,1705.25,gesture_name
16,10,244,376,0.648936,31209,1699.11,gesture_name
17,11,243,374,0.649733,31055.5,1703.15,gesture_name
17,11,241,373,0.646113,31095.5,1690.81,gesture_name
19,12,239,373,0.640751,31207,1684.76,gesture_name
18,13,232,374,0.620321,31198.5,1699.69,gesture_name
21,16,192,349,0.550143,27231.5,1221.76,gesture_name
19,13,194,311,0.623794,24251,993.779,gesture_name
19,13,187,302,0.619205,23242.5,932.222,gesture_name
20,14,186,304,0.611842,23074,926.808,gesture_name
22,16,186,305,0.609836,23164.5,998.164,gesture_name
20,14,186,305,0.609836,23176,994.406,gesture_name
23,17,187,306,0.611111,23210.5,996.649,gesture_name
21,16,187,305,0.613115,23227,991.235,gesture_name
23,17,188,306,0.614379,23293,994.063,gesture_name
24,18,188,306,0.614379,23357.5,998.306,gesture_name
19,14,190,306,0.620915,23323,923.293,gesture_name
20,14,191,306,0.624183,23460,924.465,gesture_name
20,14,192,306,0.627451,23593,926.607,gesture_name
22,16,193,307,0.628664,23706,938.264,gesture_name
19,13,193,307,0.628664,23770.5,940.85,gesture_name
17,13,193,307,0.628664,23797.5,953.678,gesture_name
24,17,194,307,0.631922,23792.5,960.85,gesture_name
19,14,193,306,0.630719,23829.5,964.021,gesture_name
19,14,195,309,0.631068,24065,962.264,gesture_name
16,10,215,327,0.657492,27216,1218.43,gesture_name
12,7,243,380,0.639474,32588.5,1614.72,gesture_name
16,9,247,384,0.643229,32735.5,1735.15,gesture_name
17,11,248,384,0.645833,32210,1678.42,gesture_name
17,10,249,385,0.646753,32264.5,1681.01,gesture_name
16,10,248,386,0.642487,32225.5,1678.18,gesture_name
16,11,249,387,0.643411,32213,1677.25,gesture_name
16,11,248,387,0.640827,32306,1682.76,gesture_name
15,9,247,386,0.639896,32025,1666.48,gesture_name
16,10,247,385,0.641558,32237.5,1660.58,gesture_name
16,10,248,384,0.645833,32242,1646.68,gesture_name
14,9,252,382,0.659686,32384.5,1589.61,gesture_name
16,10,258,376,0.68617,32345.5,1583.07,gesture_name
14,9,263,376,0.699468,32564,1585.45,gesture_name
14,8,270,378,0.714286,32362,1539.51,gesture_name
18,11,274,375,0.730667,32238,1460.88,gesture_name
13,8,276,374,0.737968,31906,1596.48,gesture_name
15,9,275,376,0.731383,32158,1615.94,gesture_name
15,9,273,378,0.722222,32354.5,1573.21,gesture_name
13,7,273,379,0.720317,32452.5,1631.98,gesture_name
14,8,271,380,0.713158,32948,1606.56,gesture_name
15,9,271,380,0.713158,33252,1620.36,gesture_name
16,10,269,382,0.704188,33465.5,1644.46,gesture_name
14,8,268,387,0.692506,33545,1659.05,gesture_name
18,12,265,388,0.68299,33377,1706.5,gesture_name
15,9,262,387,0.677003,32880,1691.88,gesture_name
14,9,258,385,0.67013,32532.5,1671.49,gesture_name
13,7,255,385,0.662338,32474.5,1667.01,gesture_name
14,10,253,389,0.650386,32150,1668.62,gesture_name
15,9,251,391,0.641944,32500,1703.25,gesture_name
15,9,249,391,0.636829,32215.5,1704.66,gesture_name
15,9,249,391,0.636829,32169,1708.91,gesture_name
16,10,249,391,0.636829,32127,1714.56,gesture_name
15,10,249,391,0.636829,32117.5,1711.98,gesture_name
15,9,249,391,0.636829,32097,1707.73,gesture_name
14,8,248,391,0.634271,32006,1702.91,gesture_name
15,9,248,391,0.634271,31876.5,1701.49,gesture_name
14,8,248,391,0.634271,31764,1697.59,gesture_name
13,8,246,391,0.629156,31780.5,1696.18,gesture_name
16,10,246,391,0.629156,31725,1701.59,gesture_name
14,9,247,391,0.631714,31677.5,1699.35,gesture_name
14,9,246,390,0.630769,31616.5,1698.52,gesture_name
16,10,247,390,0.633333,31613.5,1701.01,gesture_name
15,8,247,390,0.633333,31638,1698.42,gesture_name
15,9,247,391,0.631714,31565.5,1699.35,gesture_name
13,8,246,391,0.629156,31534,1703.59,gesture_name
16,10,246,391,0.629156,31283.5,1648.92,gesture_name
14,8,246,391,0.629156,31222,1642.68,gesture_name
14,9,246,391,0.629156,31194.5,1649.41,gesture_name
15,9,245,391,0.626598,31328,1702.42,gesture_name
13,8,245,391,0.626598,31364.5,1694.86,gesture_name
15,9,245,391,0.626598,31377,1693.94,gesture_name
13,7,245,391,0.626598,31386.5,1691.55,gesture_name
16,9,245,392,0.625,31412,1692.28,gesture_name
13,9,246,392,0.627551,31474,1696.62,gesture_name
16,11,246,392,0.627551,31517,1692.62,gesture_name
15,10,245,393,0.62341,31611.5,1683.89,gesture_name
14,9,244,393,0.620865,31631.5,1684.72,gesture_name
13,8,245,393,0.62341,31671,1683.79,gesture_name
14,9,245,393,0.62341,31670,1679.79,gesture_name
14,9,246,394,0.624365,31675,1681.45,gesture_name
13,8,245,393,0.62341,31663.5,1680.86,gesture_name
14,9,246,394,0.624365,31725,1674.96,gesture_name
14,9,246,394,0.624365,31743.5,1676.72,gesture_name
14,10,246,395,0.622785,31812,1678.28,gesture_name
13,8,246,395,0.622785,31838.5,1677.07,gesture_name
16,10,247,395,0.625316,31868,1678.96,gesture_name
13,9,246,395,0.622785,31887.5,1671.07,gesture_name
13,8,246,395,0.622785,31891.5,1672.72,gesture_name
15,9,246,395,0.622785,31840,1668.82,gesture_name
14,8,246,395,0.622785,31802.5,1665.89,gesture_name
14,8,245,395,0.620253,31783,1663.65,gesture_name
13,7,245,395,0.620253,31726,1662.48,gesture_name
12,7,245,395,0.620253,31668.5,1663.89,gesture_name
16,10,245,395,0.620253,31630.5,1663.07,gesture_name
15,9,245,395,0.620253,31640.5,1661.27,gesture_name
13,9,244,395,0.617722,31658,1661.17,gesture_name
13,9,245,395,0.620253,31640.5,1670.58,gesture_name
13,9,246,395,0.622785,31625.5,1674.58,gesture_name
15,10,245,395,0.620253,31633.5,1683.55,gesture_name
14,9,245,395,0.620253,31622,1681.31,gesture_name
13,7,245,395,0.620253,31678.5,1676.24,gesture_name
15,10,245,395,0.620253,31585.5,1677.75,gesture_name
14,9,245,395,0.620253,31466,1682.48,gesture_name
16,10,246,395,0.622785,31489.5,1687.89,gesture_name
14,9,246,395,0.622785,31434,1683.99,gesture_name
14,9,246,394,0.624365,31465.5,1693.41,gesture_name
14,9,246,393,0.625954,31176,1641.02,gesture_name
15,9,246,392,0.627551,30988,1637.02,gesture_name
17,11,247,392,0.630102,30924.5,1635.75,gesture_name
13,8,247,392,0.630102,30940,1646.82,gesture_name
15,9,246,392,0.627551,30907.5,1633.27,gesture_name
15,9,247,391,0.631714,30802.5,1638.09,gesture_name
13,9,246,390,0.630769,30711,1636.34,gesture_name
14,9,245,390,0.628205,30712.5,1634.44,gesture_name
14,9,246,390,0.630769,30712.5,1636.09,gesture_name
13,8,246,390,0.630769,30743.5,1634.78,gesture_name
15,9,246,390,0.630769,30768,1635.99,gesture_name
14,9,245,390,0.628205,30780,1635.02,gesture_name
13,9,245,391,0.626598,30825,1639.99,gesture_name
14,8,245,390,0.628205,30813,1640.82,gesture_name
14,8,245,390,0.628205,30877.5,1640.09,gesture_name
15,10,245,390,0.628205,30843.5,1642.92,gesture_name
16,10,244,391,0.624041,30859,1640.2,gesture_name
14,10,244,393,0.620865,31115.5,1677.75,gesture_name
15,10,241,398,0.605528,31212,1664.2,gesture_name
18,11,238,402,0.59204,31102,1644.4,gesture_name
17,12,235,407,0.577396,31055,1636.74,gesture_name
15,11,233,428,0.544393,31326,1693.02,gesture_name
20,15,233,428,0.544393,31762,1661.57,gesture_name
17,13,232,428,0.542056,32399.5,1645.87,gesture_name
16,11,231,429,0.538462,33064.5,1714.01,gesture_name
16,10,232,436,0.53211,33623,1707.63,gesture_name
19,13,233,444,0.524775,34173.5,1714.84,gesture_name
15,9,233,445,0.523596,34393,1602.37,gesture_name
16,12,235,444,0.529279,34459.5,1572.47,gesture_name
17,11,237,443,0.534989,34457.5,1560.96,gesture_name
19,13,239,442,0.540724,34506.5,1540.67,gesture_name
16,11,240,444,0.540541,34821.5,1544.19,gesture_name
17,11,242,450,0.537778,35297,1566.43,gesture_name
15,9,242,455,0.531868,35737,1593.06,gesture_name
19,13,243,458,0.530568,36040.5,1630.61,gesture_name
16,11,244,457,0.533917,36094,1621.54,gesture_name
17,11,244,455,0.536264,35885.5,1592.61,gesture_name
16,10,245,455,0.538462,35615,1565.06,gesture_name
16,11,245,454,0.539648,35447,1557.2,gesture_name
16,11,244,467,0.522484,37499,1735.31,gesture_name
15,9,244,446,0.547085,34317.5,1491.64,gesture_name
17,11,244,443,0.55079,33958.5,1483.5,gesture_name
18,13,240,441,0.544218,33843,1488.71,gesture_name
19,13,231,433,0.533487,33563,1481.83,gesture_name
17,14,219,430,0.509302,32482.5,1441.53,gesture_name
18,12,189,403,0.468983,30141.5,1128.79,gesture_name
19,15,214,372,0.575269,28772.5,1102.45,gesture_name
23,19,204,360,0.566667,27826.5,990.992,gesture_name
24,17,213,353,0.603399,27607,1006.89,gesture_name
24,17,216,349,0.618911,27555,997.862,gesture_name
22,16,231,352,0.65625,27969.5,1128.05,gesture_name
19,14,232,352,0.659091,27911,1130.29,gesture_name
18,12,232,348,0.666667,27874.5,1114.73,gesture_name
19,14,233,347,0.67147,27727,1148.23,gesture_name
21,15,235,347,0.677233,27573.5,1132.67,gesture_name
20,15,236,350,0.674286,28004.5,1187.58,gesture_name
20,15,252,366,0.688525,30217.5,1214.07,gesture_name
16,9,272,388,0.701031,32445.5,1443.75,gesture_name
16,12,274,384,0.713542,31901.5,1557.15,gesture_name
18,12,275,379,0.725594,31584,1541.59,gesture_name
17,11,274,378,0.724868,31340.5,1544.52,gesture_name
18,12,271,380,0.713158,31296,1552.62,gesture_name
17,12,268,389,0.688946,31241,1570.14,gesture_name
17,13,266,395,0.673418,31173,1596.96,gesture_name
18,13,264,399,0.661654,31132,1606.96,gesture_name
18,12,263,400,0.6575,31085.5,1613.21,gesture_name
18,12,262,401,0.653367,31105.5,1611.55,gesture_name
18,12,262,402,0.651741,31093.5,1613.69,gesture_name
14,8,261,403,0.647643,31178,1618.62,gesture_name
18,12,261,405,0.644444,30943.5,1583.41,gesture_name
16,12,257,430,0.597674,30356,1573.37,gesture_name
16,11,237,407,0.58231,28295.5,1401.87,gesture_name
18,11,216,411,0.525547,26262,1415.63,gesture_name
16,10,190,376,0.505319,20802.5,1116.87,gesture_name
20,17,132,353,0.373938,15268,948.808,gesture_name
21,15,152,401,0.379052,20659.5,1452.21,gesture_name
21,16,151,404,0.373762,23806.5,1530.98,gesture_name
20,13,176,431,0.408353,25405.5,1658.32,gesture_name
23,17,188,405,0.464198,25529,1618.96,gesture_name
20,14,200,404,0.49505,25370.5,1659.21,gesture_name
18,12,206,405,0.508642,25295.5,1678.52,gesture_name
18,12,208,404,0.514851,25375,1754.08,gesture_name
16,10,207,401,0.516209,24521,1668.14,gesture_name
15,9,198,395,0.501266,24230.5,1703.55,gesture_name
17,11,192,393,0.48855,23419.5,1573.47,gesture_name
16,11,192,392,0.489796,23341.5,1569.61,gesture_name
18,12,191,395,0.483544,23339.5,1516.78,gesture_name
20,13,191,397,0.481108,23374.5,1528.09,gesture_name
18,12,192,397,0.483627,23493.5,1538.09,gesture_name
19,13,192,396,0.484848,23614.5,1538.92,gesture_name
16,12,190,395,0.481013,23395.5,1522.09,gesture_name
20,13,185,394,0.469543,23154.5,1508.09,gesture_name
16,10,178,395,0.450633,23426.5,1594.24,gesture_name
22,16,161,393,0.409669,24140.5,1364.96,gesture_name
22,16,141,389,0.362468,23177.5,1315.16,gesture_name
21,14,130,374,0.347594,20441,1454.92,gesture_name
22,16,131,346,0.378613,19043,1259.6,gesture_name
26,20,152,313,0.485623,19288.5,1168.19,gesture_name
22,15,175,315,0.555556,19638.5,1205.93,gesture_name
20,16,217,324,0.669753,21403.5,1419.12,gesture_name
18,12,225,325,0.692308,21951,1524.08,gesture_name
20,14,234,322,0.726708,21890,1542.85,gesture_name
17,12,240,320,0.75,21883,1552.79,gesture_name
19,15,243,322,0.754658,21983,1591.9,gesture_name
19,15,243,325,0.747692,22081,1593.56,gesture_name
21,15,243,328,0.740854,22198,1592.73,gesture_name
21,16,243,330,0.736364,22196.5,1598.97,gesture_name
18,12,242,331,0.731118,22375.5,1564.34,gesture_name
20,15,242,334,0.724551,22617.5,1578.49,gesture_name
17,14,239,336,0.71131,23003,1581.07,gesture_name
18,10,236,340,0.694118,23516,1594.04,gesture_name
19,13,228,343,0.664723,23689,1598.87,gesture_name
16,11,229,347,0.659942,24394.5,1528,gesture_name
18,12,234,348,0.672414,25661.5,1533.17,gesture_name
20,14,246,348,0.706897,27011.5,1546.14,gesture_name
19,13,255,347,0.73487,27785.5,1561.6,gesture_name
19,15,257,345,0.744928,27410,1595.78,gesture_name
19,12,255,342,0.745614,27043,1577.78,gesture_name
22,17,253,340,0.744118,26759.5,1562.08,gesture_name
18,13,252,337,0.747774,26452,1550.18,gesture_name
20,14,251,334,0.751497,26317.5,1542.77,gesture_name
21,13,253,332,0.762048,26431.5,1544.43,gesture_name
22,16,256,329,0.778116,26564,1543.84,gesture_name
20,13,258,325,0.793846,26559.5,1542.57,gesture_name
22,15,261,322,0.810559,26429.5,1539.6,gesture_name
21,14,259,322,0.804348,26346,1535.01,gesture_name
21,15,256,324,0.790123,26148,1520.87,gesture_name
20,13,253,324,0.780864,26033.5,1509.66,gesture_name
20,13,251,326,0.769939,26097,1505.42,gesture_name
19,13,252,327,0.770642,26147.5,1510,gesture_name
20,14,251,325,0.772308,26046.5,1530.49,gesture_name
18,13,247,318,0.77673,25460,1489.27,gesture_name
21,14,242,312,0.775641,24451.5,1450.29,gesture_name
20,15,244,306,0.797386,22858.5,1157.41,gesture_name
24,18,246,303,0.811881,16721.5,942.957,gesture_name
31,25,260,300,0.866667,17561.5,922.555,gesture_name
30,23,276,300,0.92,21548.5,955.041,gesture_name
24,18,289,300,0.963333,25943.5,1045.95,gesture_name
29,22,300,300,1,30148,1196.91,gesture_name
28,22,312,303,1.0297,35145.5,1360.14,gesture_name
30,23,328,306,1.0719,38267.5,1556.88,gesture_name
31,24,338,307,1.10098,39770,1651.83,gesture_name
27,20,340,311,1.09325,40958.5,1722.56,gesture_name
23,17,338,315,1.07302,41704.5,1872.99,gesture_name
23,16,330,318,1.03774,40730,1887.35,gesture_name
23,17,322,320,1.00625,38783,1894.12,gesture_name
21,14,313,325,0.963077,37669,1887.35,gesture_name
20,13,304,333,0.912913,36837.5,1804.82,gesture_name
19,14,295,340,0.867647,34608,1639.84,gesture_name
22,17,291,343,0.848397,33656,1729.64,gesture_name
23,18,289,343,0.842566,33631.5,1711.74,gesture_name
22,16,294,341,0.86217,34144.5,1575.66,gesture_name
20,14,297,339,0.876106,33897.5,1573.94,gesture_name
20,14,287,336,0.854167,33163.5,1661.26,gesture_name
21,16,256,284,0.901408,27753,1109.34,gesture_name
26,21,249,268,0.929104,25876,957.661,gesture_name
26,21,247,264,0.935606,25292.5,923.762,gesture_name
21,15,265,259,1.02317,25563.5,990.046,gesture_name
19,15,261,259,1.00772,25400,970.004,gesture_name
19,13,259,259,1,25322,961.176,gesture_name
20,13,259,260,0.996154,25305,956.489,gesture_name
21,16,263,261,1.00766,25438.5,935.904,gesture_name
17,13,273,264,1.03409,26531,1006.92,gesture_name
19,14,271,284,0.954225,27580,1241.17,gesture_name
18,13,305,306,0.996732,31133,1666.75,gesture_name
21,15,307,322,0.953416,32412,1795.12,gesture_name
21,15,307,324,0.947531,32648.5,1797.16,gesture_name
19,12,313,319,0.981191,32799,1776.23,gesture_name
19,15,318,312,1.01923,32308.5,1749.65,gesture_name
19,13,322,308,1.04545,32117,1739.61,gesture_name
18,11,324,309,1.04854,31787.5,1722.8,gesture_name
18,12,326,309,1.05502,31578,1700.13,gesture_name
18,12,325,308,1.05519,31405.5,1688.85,gesture_name
16,10,325,307,1.05863,31078,1691.72,gesture_name
18,11,325,308,1.05519,31068,1690.55,gesture_name
20,13,322,310,1.03871,31408.5,1719.22,gesture_name
19,12,304,282,1.07801,28812,1455.47,gesture_name
18,13,303,267,1.13483,26367.5,1293.49,gesture_name
26,21,263,262,1.00382,24117.5,958.472,gesture_name
21,16,274,256,1.07031,23842,962.916,gesture_name
20,14,270,254,1.06299,23583,935.259,gesture_name
22,17,266,254,1.04724,23469.5,929.703,gesture_name
22,16,265,253,1.04743,23408.5,929.703,gesture_name
22,16,263,253,1.03953,23395.5,923.703,gesture_name
20,14,262,254,1.0315,23369,922.632,gesture_name
17,12,262,254,1.0315,23352.5,924.732,gesture_name
22,15,261,254,1.02756,23342,927.46,gesture_name
20,13,260,253,1.02767,23283.5,918.389,gesture_name
19,12,260,253,1.02767,23234,918.146,gesture_name
21,15,259,253,1.02372,23195,916.975,gesture_name
22,16,262,253,1.03557,23305,917.803,gesture_name
23,17,267,254,1.05118,23576.5,952.33,gesture_name
28,23,251,256,0.980469,23329,874.489,gesture_name
22,15,298,260,1.14615,25333,1039.26,gesture_name
22,17,298,263,1.13308,25568.5,1055.02,gesture_name
26,19,296,265,1.11698,25715.5,1055.5,gesture_name
23,16,295,267,1.10487,25765.5,1055.5,gesture_name
21,14,295,268,1.10075,25820.5,1057.36,gesture_name
20,14,296,268,1.10448,25817,1062.92,gesture_name
22,17,295,269,1.09665,25840,1064.23,gesture_name
19,13,293,269,1.08922,25846.5,1060.67,gesture_name
20,13,293,269,1.08922,25861,1060.92,gesture_name
21,15,295,269,1.09665,25879.5,1063.02,gesture_name
23,16,295,269,1.09665,25848,1062.09,gesture_name
23,16,294,270,1.08889,25855.5,1065.5,gesture_name
21,14,293,270,1.08519,25874,1060.09,gesture_name
20,14,293,270,1.08519,25917.5,1062.33,gesture_name
20,13,294,270,1.08889,25938,1062.92,gesture_name
20,15,295,270,1.09259,25940.5,1069.5,gesture_name
21,14,295,269,1.09665,25868.5,1058.19,gesture_name
18,13,283,266,1.06391,25258,1016.43,gesture_name
23,17,240,263,0.912548,23475,878.004,gesture_name
25,19,261,264,0.988636,24034.5,988.815,gesture_name
20,14,258,264,0.977273,23946.5,974.472,gesture_name
21,14,258,263,0.980989,23924,950.431,gesture_name
19,14,260,263,0.988593,24057.5,952.188,gesture_name
25,18,269,264,1.01894,25091,1039.54,gesture_name
19,13,299,291,1.02749,26970.5,1202.84,gesture_name
21,15,301,305,0.986885,27645,1237.51,gesture_name
18,11,300,308,0.974026,27675,1232.88,gesture_name
17,11,299,312,0.958333,27681,1229.37,gesture_name
19,13,298,313,0.952077,27528.5,1221.81,gesture_name
20,14,299,312,0.958333,27492.5,1221.81,gesture_name
19,13,298,311,0.958199,27487,1221.22,gesture_name
21,14,298,312,0.955128,27540.5,1223.47,gesture_name
20,13,289,308,0.938312,27502.5,1200.72,gesture_name
19,13,290,307,0.944625,26897.5,1206.66,gesture_name
20,15,262,291,0.900344,25347.5,991.443,gesture_name
21,16,260,267,0.973783,24121.5,948.33,gesture_name
24,19,262,263,0.996198,23919.5,914.046,gesture_name
23,17,265,260,1.01923,23785,928.774,gesture_name
21,16,266,258,1.03101,23545.5,938.188,gesture_name
22,16,265,258,1.02713,23447.5,935.016,gesture_name
20,15,265,258,1.02713,23359.5,928.531,gesture_name
22,18,264,257,1.02724,23219.5,918.531,gesture_name
22,18,260,266,0.977444,23492,933.886,gesture_name
18,14,296,330,0.89697,25952,1193.39,gesture_name
17,11,301,333,0.903904,26078.5,1208.46,gesture_name
18,12,303,334,0.907186,25981.5,1157.35,gesture_name
19,14,305,333,0.915916,25900,1210.08,gesture_name
19,13,306,333,0.918919,26081,1220.7,gesture_name
21,15,307,332,0.924699,26140.5,1226.6,gesture_name
18,12,298,299,0.996656,24962.5,1137.21,gesture_name
25,20,261,267,0.977528,23248,894.573,gesture_name
22,16,258,262,0.984733,22383.5,876.874,gesture_name
22,16,258,262,0.984733,22273.5,888.188,gesture_name
27,20,262,265,0.988679,22500.5,890.188,gesture_name
24,17,268,270,0.992593,23027.5,970.899,gesture_name
19,12,289,326,0.886503,26618,1325.96,gesture_name
16,10,302,331,0.912387,26808.5,1387.94,gesture_name
14,10,298,328,0.908537,26918,1393.16,gesture_name
22,15,286,324,0.882716,26395.5,1377.46,gesture_name
24,18,275,300,0.916667,25177,1103.71,gesture_name
26,22,277,292,0.94863,24400.5,1124.09,gesture_name
17,11,294,327,0.899083,26809.5,1360.34,gesture_name
17,11,296,330,0.89697,26535.5,1386.69,gesture_name
16,10,297,328,0.905488,26575,1456.24,gesture_name
17,11,297,326,0.911043,25913,1375.13,gesture_name
17,11,298,326,0.91411,26147.5,1469.11,gesture_name
17,12,299,325,0.92,26174.5,1461.94,gesture_name
19,12,301,327,0.920489,27077,1475.16,gesture_name
17,11,274,294,0.931973,24758.5,1270.12,gesture_name
21,16,262,265,0.988679,22724,900.916,gesture_name
25,18,261,261,1,22099,893.259,gesture_name
24,17,261,261,1,22125.5,890.673,gesture_name
21,15,275,264,1.04167,23323.5,971.526,gesture_name
20,15,297,316,0.939873,28328,1441.21,gesture_name
20,13,312,315,0.990476,27810.5,1615.08,gesture_name
18,12,314,313,1.00319,27712,1599.87,gesture_name
18,12,313,314,0.996815,27722.5,1542.51,gesture_name
16,11,314,315,0.996825,28016.5,1621.62,gesture_name
18,11,315,316,0.996835,28031.5,1624.25,gesture_name
18,12,313,318,0.984277,28048,1518.61,gesture_name
21,16,266,272,0.977941,24290.5,1024.76,gesture_name
25,20,269,250,1.076,22368,909.945,gesture_name
23,16,267,244,1.09426,22079,885.46,gesture_name
24,18,265,244,1.08607,21874.5,888.389,gesture_name
23,17,263,244,1.07787,21772,878.489,gesture_name
22,15,262,241,1.08714,21755.5,893.217,gesture_name
26,19,253,231,1.09524,21246.5,799.963,gesture_name
24,19,226,220,1.02727,16518.5,716.992,gesture_name
22,16,180,224,0.803571,15595,696.808,gesture_name
27,20,139,244,0.569672,15356.5,687.796,gesture_name
22,16,140,265,0.528302,15918,776.181,gesture_name
24,19,140,265,0.528302,15789,790.323,gesture_name
23,16,138,265,0.520755,16381.5,800.08,gesture_name
21,15,138,270,0.511111,17599,903.578,gesture_name
23,17,143,274,0.521898,18008.5,1024.93,gesture_name
19,15,149,276,0.539855,18457.5,999.619,gesture_name
16,10,205,324,0.632716,21692.5,1403.49,gesture_name
17,11,216,328,0.658537,22101.5,1449.98,gesture_name
19,13,220,326,0.674847,21718,1458.36,gesture_name
16,10,218,325,0.670769,21632.5,1457.78,gesture_name
19,13,218,325,0.670769,21596,1458.02,gesture_name
16,11,217,326,0.665644,21667.5,1456.46,gesture_name
20,13,214,327,0.654434,21647,1449.05,gesture_name
17,12,180,324,0.555556,19290.5,1242.64,gesture_name
14,9,216,317,0.681388,18372,1025.46,gesture_name
17,10,252,305,0.82623,24808.5,1409.55,gesture_name
17,11,269,313,0.859425,26280,1474.62,gesture_name
16,10,282,312,0.903846,26763.5,1532.81,gesture_name
17,10,282,313,0.900958,27195.5,1545.63,gesture_name
16,9,280,316,0.886076,27392.5,1556.46,gesture_name
16,11,279,316,0.882911,26922.5,1571.78,gesture_name
15,9,277,316,0.876582,26712,1576.16,gesture_name
11,6,268,312,0.858974,25489,1431.45,gesture_name
26,21,231,254,0.909449,20767.5,831.762,gesture_name
21,16,238,242,0.983471,20006,848.975,gesture_name
23,17,214,240,0.891667,19917,737.637,gesture_name
24,17,177,236,0.75,19149.5,699.855,gesture_name
23,18,140,223,0.627803,17854.5,711.512,gesture_name
21,16,122,215,0.567442,15943.5,606.316,gesture_name
19,15,124,218,0.568807,14385,768.299,gesture_name
20,15,127,219,0.579909,14018,766.642,gesture_name
18,12,117,213,0.549296,13384.5,873.37,gesture_name
18,13,106,204,0.519608,11319.5,604.174,gesture_name
14,10,100,207,0.483092,12113,553.789,gesture_name
14,11,92,212,0.433962,11625.5,585.345,gesture_name
19,14,97,227,0.427313,11382.5,723.026,gesture_name
20,15,133,244,0.545082,13368,810.24,gesture_name
21,15,162,254,0.637795,13431.5,969.134,gesture_name
20,14,176,257,0.684825,14552,1015.95,gesture_name
26,22,172,266,0.646617,17062.5,751.879,gesture_name
24,18,173,262,0.660305,16756,788.181,gesture_name
21,16,160,277,0.577617,15793,861.235,gesture_name
25,20,170,287,0.592334,16602,905.921,gesture_name
20,15,171,289,0.591696,15767.5,962.507,gesture_name
18,14,175,289,0.605536,15959.5,929.335,gesture_name
19,13,169,290,0.582759,15765,961.921,gesture_name
17,12,166,292,0.568493,15835.5,973.193,gesture_name
19,14,166,292,0.568493,15770,976.264,gesture_name
17,12,168,290,0.57931,15699,990.063,gesture_name
18,12,168,289,0.581315,15718,997.034,gesture_name
17,12,167,288,0.579861,15737,995.034,gesture_name
19,14,167,288,0.579861,15747.5,1004.45,gesture_name
18,12,166,289,0.574394,15782.5,998.791,gesture_name
21,15,165,289,0.570934,15795,1005.03,gesture_name
19,13,165,289,0.570934,15830.5,1004.1,gesture_name
19,13,165,289,0.570934,15844,1000.21,gesture_name
19,13,167,289,0.577855,15875,1002.69,gesture_name
16,12,168,288,0.583333,16075.5,962.649,gesture_name
22,16,169,294,0.57483,16345,948.205,gesture_name
19,15,176,299,0.588629,16538,961.862,gesture_name
23,17,182,299,0.608696,15756,1082.51,gesture_name
22,17,183,296,0.618243,16325.5,912.992,gesture_name
20,15,175,303,0.577558,16304.5,975.963,gesture_name
27,23,157,303,0.518152,15299,902.264,gesture_name
22,18,154,290,0.531034,14871,915.436,gesture_name
21,15,163,275,0.592727,14116.5,878.021,gesture_name
22,17,162,273,0.593407,14065,911.578,gesture_name
17,12,160,273,0.586081,13990.5,902.507,gesture_name
22,16,159,273,0.582418,13981.5,909.335,gesture_name
21,16,159,271,0.586716,13890,903.092,gesture_name
20,15,159,270,0.588889,13847.5,909.678,gesture_name
21,15,160,270,0.592593,13822.5,910.992,gesture_name
23,17,159,270,0.588889,13838.5,907.335,gesture_name
23,18,160,271,0.590406,13869.5,903.335,gesture_name
20,14,159,281,0.565836,14183.5,830.222,gesture_name
19,13,172,287,0.599303,14520.5,862.365,gesture_name
19,14,213,290,0.734483,17042,920.063,gesture_name
21,15,236,286,0.825175,17963,971.318,gesture_name
17,11,235,278,0.845324,17346,1036.29,gesture_name
19,13,226,287,0.787456,16769,1139.34,gesture_name
23,18,134,293,0.457338,14729,837.779,gesture_name
28,22,146,283,0.515901,14227,843.72,gesture_name
22,15,152,263,0.577947,14039,760.323,gesture_name
19,13,195,262,0.744275,16829,776.666,gesture_name
23,19,224,268,0.835821,19632,827.092,gesture_name
19,13,228,279,0.817204,20861,839.176,gesture_name
20,14,233,282,0.826241,21194,869.661,gesture_name
20,17,225,282,0.797872,21066,936.431,gesture_name
22,16,213,291,0.731959,21451.5,948.673,gesture_name
22,17,210,291,0.721649,20932.5,963.987,gesture_name
26,20,204,289,0.705882,20400,971.259,gesture_name
21,15,211,286,0.737762,20375,832.69,gesture_name
21,16,207,287,0.721254,20184,820.891,gesture_name
18,14,207,289,0.716263,20170.5,828.791,gesture_name
23,17,207,289,0.716263,20162,826.891,gesture_name
21,19,212,286,0.741259,20131,833.72,gesture_name
23,17,214,284,0.753521,19879,835.034,gesture_name
18,12,189,318,0.59434,18893.5,844.85,gesture_name
27,22,186,319,0.583072,18887,846.122,gesture_name
20,15,187,319,0.586207,18901,848.95,gesture_name
18,12,186,319,0.583072,18884,846.607,gesture_name
22,17,186,319,0.583072,18852.5,850.85,gesture_name
19,13,186,319,0.583072,18881,848.122,gesture_name
22,16,191,321,0.595016,18995,855.921,gesture_name
25,19,197,284,0.693662,19102.5,907.963,gesture_name
25,20,195,278,0.701439,19137,909.034,gesture_name
23,19,189,278,0.679856,19046.5,905.477,gesture_name
23,20,189,277,0.68231,19072.5,904.306,gesture_name
25,21,188,277,0.6787,19054.5,905.477,gesture_name
23,20,189,277,0.68231,19045.5,902.649,gesture_name
23,19,189,276,0.684783,19031.5,908.448,gesture_name
19,15,190,277,0.685921,19065,906.548,gesture_name
23,18,190,278,0.683453,18895,911.862,gesture_name
18,13,188,290,0.648276,18606.5,868.306,gesture_name
17,13,215,343,0.626822,20188.5,1060.27,gesture_name
19,13,221,351,0.62963,20679.5,1078.07,gesture_name
18,13,231,348,0.663793,20610,1068.31,gesture_name
17,13,230,346,0.66474,20603.5,1059.93,gesture_name
19,12,232,347,0.668588,20641,1064.17,gesture_name
20,15,232,346,0.67052,20653.5,1065.24,gesture_name
19,13,233,344,0.677326,20579.5,1058.56,gesture_name
19,13,232,341,0.680352,20508,1064.11,gesture_name
21,16,203,285,0.712281,19190.5,885.075,gesture_name
23,17,197,266,0.740602,19162,778.95,gesture_name
18,15,223,260,0.857692,19082.5,940.188,gesture_name
22,18,223,260,0.857692,18991,933.46,gesture_name
25,21,210,240,0.875,18391.5,784.08,gesture_name
19,14,216,216,1,18045,823.436,gesture_name
20,17,205,107,1.91589,12239.5,626.659,gesture_name
20,13,61,51,1.19608,1386,187.48,gesture_name
16,11,65,51,1.27451,1985,224.368,gesture_name
13,9,64,51,1.2549,2064,219.539,gesture_name
20,14,64,51,1.2549,2105,216.368,gesture_name
17,13,65,51,1.27451,2126.5,214.61,gesture_name
18,14,65,52,1.25,2129,222.368,gesture_name
16,13,65,51,1.27451,2109,229.196,gesture_name
19,13,65,51,1.27451,2132.5,214.953,gesture_name
18,12,65,51,1.27451,2142.5,218.125,gesture_name
19,13,67,51,1.31373,2168,216.853,gesture_name
19,13,66,51,1.29412,2160.5,217.782,gesture_name
18,12,65,52,1.25,2143.5,214.953,gesture_name
17,14,65,51,1.27451,2137.5,219.095,gesture_name
17,14,64,52,1.23077,2129,222.368,gesture_name
16,10,65,51,1.27451,2133.5,218.61,gesture_name
18,13,65,51,1.27451,2132.5,216.125,gesture_name
21,13,66,52,1.26923,2129,222.51,gesture_name
17,12,65,52,1.25,2150.5,222.953,gesture_name
17,11,65,51,1.27451,2147,213.539,gesture_name
18,13,67,51,1.31373,2126.5,217.782,gesture_name
18,13,66,51,1.29412,2089.5,217.782,gesture_name
17,14,66,51,1.29412,2121.5,219.439,gesture_name
16,9,65,51,1.27451,2070.5,226.752,gesture_name
18,15,65,51,1.27451,2078,213.539,gesture_name
17,13,65,51,1.27451,2065,219.196,gesture_name
18,13,64,51,1.2549,2087.5,219.095,gesture_name
18,14,64,52,1.23077,2041,212.024,gesture_name
16,12,62,51,1.21569,1982,213.539,gesture_name
21,16,62,50,1.24,1911.5,222.61,gesture_name
18,13,62,50,1.24,1918.5,211.095,gesture_name
19,13,61,45,1.35556,1709.5,186.125,gesture_name
19,13,89,60,1.48333,3648.5,262.752,gesture_name
21,15,114,162,0.703704,11633,555.931,gesture_name
25,20,100,204,0.490196,13017.5,577.63,gesture_name
16,10,99,223,0.443946,13511.5,592.86,gesture_name
18,12,100,247,0.404858,14479,642.073,gesture_name
21,16,107,259,0.413127,14932,814.441,gesture_name
22,17,108,261,0.413793,14784,931.98,gesture_name
23,18,109,260,0.419231,14821.5,965.536,gesture_name
21,16,111,260,0.426923,14645.5,923.737,gesture_name
21,15,110,253,0.434783,13866.5,932.708,gesture_name
17,12,105,244,0.430328,13971,811.21,gesture_name
19,15,104,246,0.422764,13935.5,824.281,gesture_name
22,16,104,249,0.417671,14202.5,828.825,gesture_name
20,14,104,248,0.419355,14125.5,822.482,gesture_name
21,14,103,249,0.413655,14481.5,786.198,gesture_name
20,14,103,252,0.40873,14544,799.955,gesture_name
22,15,105,249,0.421687,14078.5,945.252,gesture_name
21,15,109,248,0.439516,14278.5,899.453,gesture_name
23,17,110,243,0.452675,14757,657.245,gesture_name
18,12,104,244,0.42623,13811.5,653.831,gesture_name
19,14,96,218,0.440367,11981,638.073,gesture_name
23,17,108,218,0.495413,12681,642.215,gesture_name
20,16,158,215,0.734884,14235,704.156,gesture_name
19,13,176,215,0.818605,15176.5,716.767,gesture_name
22,17,193,220,0.877273,16476,851.117,gesture_name
21,16,199,225,0.884444,17116,809.034,gesture_name
24,18,195,234,0.833333,19335,746.583,gesture_name
22,16,181,245,0.738776,22145,796.098,gesture_name
22,16,182,295,0.616949,30098.5,948.708,gesture_name
28,21,240,385,0.623377,48583,1237.89,gesture_name
15,13,181,406,0.445813,34431,1044.95,gesture_name
16,12,147,334,0.44012,23439,842.725,gesture_name
12,9,107,253,0.422925,17707.5,678.943,gesture_name
22,18,224,240,0.933333,17150.5,1285.73,gesture_name
17,11,208,208,1,15930.5,1068.51,gesture_name
20,16,194,170,1.14118,16160,1108.69,gesture_name
17,14,181,147,1.23129,15837,1059.86,gesture_name
16,13,185,147,1.2585,16425,867.696,gesture_name
18,15,175,160,1.09375,17191.5,882.482,gesture_name
17,11,166,167,0.994012,16259,771.47,gesture_name
19,16,155,172,0.901163,14880,803.269,gesture_name
21,16,112,163,0.687117,12859.5,587.546,gesture_name
18,12,107,168,0.636905,12233.5,591.061,gesture_name
14,9,103,173,0.595376,11945.5,628.375,gesture_name
14,10,101,177,0.570621,11949.5,642.718,gesture_name
14,11,102,181,0.563536,12271.5,660.032,gesture_name
14,10,106,186,0.569892,12995,685.245,gesture_name
15,10,108,193,0.559585,13770,695.588,gesture_name
12,10,112,199,0.562814,14338.5,727.144,gesture_name
9,5,24,20,1.2,246.5,77.3553,gesture_name
11,6,23,20,1.15,241,77.9411,gesture_name
9,6,24,21,1.14286,238,85.598,gesture_name
9,5,24,20,1.2,247.5,74.5269,gesture_name
9,5,23,20,1.15,243.5,78.5269,gesture_name
10,6,24,20,1.2,246.5,77.3553,gesture_name
9,7,24,20,1.2,244,79.9411,gesture_name
8,4,24,21,1.14286,250,75.1127,gesture_name
10,5,24,20,1.2,253,74.2843,gesture_name
9,6,24,20,1.2,253,74.2843,gesture_name
9,4,23,20,1.15,250.5,73.6985,gesture_name
10,6,24,21,1.14286,255.5,75.6985,gesture_name
8,4,24,21,1.14286,254,75.1127,gesture_name
10,5,24,20,1.2,253,74.2843,gesture_name
10,5,24,20,1.2,251.5,73.6985,gesture_name
9,5,24,20,1.2,251.5,77.3553,gesture_name
10,5,24,20,1.2,255,74.2843,gesture_name
9,4,24,21,1.14286,252,75.9411,gesture_name
10,5,24,21,1.14286,254.5,75.6985,gesture_name
8,6,24,21,1.14286,254.5,75.6985,gesture_name
9,4,23,21,1.09524,254,75.1127,gesture_name
11,5,24,20,1.2,253,75.1127,gesture_name
9,5,24,21,1.14286,258.5,75.6985,gesture_name
10,5,24,21,1.14286,254.5,75.6985,gesture_name
10,4,23,20,1.15,252.5,72.8701,gesture_name
11,5,23,21,1.09524,252,75.1127,gesture_name
11,5,24,20,1.2,259,74.2843,gesture_name
11,7,24,20,1.2,262,75.1127,gesture_name
10,5,24,21,1.14286,258.5,75.6985,gesture_name
10,5,24,21,1.14286,257,75.1127,gesture_name
9,4,24,21,1.14286,256,75.9411,gesture_name
9,4,24,20,1.2,255.5,74.5269,gesture_name
10,5,24,21,1.14286,256.5,75.6985,gesture_name
9,4,24,21,1.14286,254,75.1127,gesture_name
10,6,24,20,1.2,252,77.1127,gesture_name
10,5,24,21,1.14286,253.5,75.6985,gesture_name
10,5,24,20,1.2,257,75.1127,gesture_name
10,5,24,20,1.2,256.5,74.5269,gesture_name
9,4,24,20,1.2,259.5,74.5269,gesture_name
11,6,24,20,1.2,257.5,74.5269,gesture_name
9,5,24,20,1.2,257,75.1127,gesture_name
8,5,24,21,1.14286,258.5,75.6985,gesture_name
9,4,24,21,1.14286,254,75.9411,gesture_name
10,5,24,21,1.14286,257,75.1127,gesture_name
9,4,24,20,1.2,253.5,73.6985,gesture_name
9,5,24,21,1.14286,255.5,75.6985,gesture_name
10,6,24,21,1.14286,256.5,75.6985,gesture_name
10,5,24,21,1.14286,258.5,75.6985,gesture_name
11,5,24,20,1.2,257,74.2843,gesture_name
9,4,24,21,1.14286,254,75.1127,gesture_name
9,5,24,20,1.2,257,74.2843,gesture_name
9,4,24,21,1.14286,252,75.1127,gesture_name
9,5,24,21,1.14286,257.5,75.6985,gesture_name
10,4,23,21,1.09524,258,74.2843,gesture_name
9,6,24,21,1.14286,257.5,75.6985,gesture_name
9,4,24,21,1.14286,256,75.1127,gesture_name
8,5,24,21,1.14286,259.5,75.6985,gesture_name
10,4,23,21,1.09524,256,74.2843,gesture_name
10,5,24,20,1.2,256,74.2843,gesture_name
10,5,24,21,1.14286,255.5,75.6985,gesture_name
10,5,24,21,1.14286,256.5,75.6985,gesture_name
9,6,24,21,1.14286,254.5,75.6985,gesture_name
10,6,24,21,1.14286,257.5,75.6985,gesture_name
10,6,24,21,1.14286,257.5,75.6985,gesture_name
9,5,24,21,1.14286,256.5,75.6985,gesture_name
9,5,24,21,1.14286,256.5,75.6985,gesture_name
10,5,24,21,1.14286,255.5,76.5269,gesture_name
9,5,24,21,1.14286,256.5,75.6985,gesture_name
8,4,24,21,1.14286,255,75.1127,gesture_name
9,5,24,21,1.14286,257.5,75.6985,gesture_name
10,5,24,21,1.14286,257.5,75.6985,gesture_name
10,5,24,21,1.14286,259.5,75.6985,gesture_name
10,4,24,23,1.04348,273,78.2843,gesture_name
11,7,25,25,1,317.5,82.5269,gesture_name
17,10,40,57,0.701754,1058.5,222.066,gesture_name
19,14,74,60,1.23333,2145.5,321.948,gesture_name
11,7,119,154,0.772727,5738,600.441,gesture_name
12,8,124,200,0.62,8298,745.637,gesture_name
10,8,129,207,0.623188,8829.5,774.021,gesture_name
13,7,129,217,0.59447,9311.5,832.649,gesture_name
15,9,130,241,0.539419,9701,939.46,gesture_name
12,6,136,240,0.566667,9793.5,991.502,gesture_name
13,8,132,239,0.552301,9749.5,957.845,gesture_name
12,8,129,239,0.539749,9722.5,948.188,gesture_name
12,8,130,238,0.546218,9716,933.803,gesture_name
12,7,142,244,0.581967,10304,992.573,gesture_name
11,7,143,246,0.581301,10815.5,997.987,gesture_name
13,8,145,247,0.587045,11090,1009.4,gesture_name
11,6,151,248,0.608871,11424,1048.86,gesture_name
13,8,170,248,0.685484,11999.5,1153.33,gesture_name
13,8,172,248,0.693548,12297,1189.57,gesture_name
10,6,153,248,0.616935,11955,1054.17,gesture_name
16,11,194,248,0.782258,12616,1249.99,gesture_name
11,7,147,246,0.597561,11718,1012.51,gesture_name
13,9,124,210,0.590476,8796,680.867,gesture_name
21,16,128,161,0.795031,5993,560.784,gesture_name
22,17,124,197,0.629442,6374,704.666,gesture_name
21,18,120,199,0.603015,6199,712.323,gesture_name
19,14,119,193,0.61658,6115,676.524,gesture_name
21,16,122,197,0.619289,5944,785.921,gesture_name
20,15,120,191,0.628272,6025,671.009,gesture_name
16,12,124,180,0.688889,6141,606.098,gesture_name
15,12,152,224,0.678571,10822,908.431,gesture_name
14,8,186,256,0.726562,13032.5,1236.52,gesture_name
16,10,197,259,0.760618,13433.5,1271.01,gesture_name
15,9,201,264,0.761364,13644,1359.68,gesture_name
15,11,201,264,0.761364,13673,1335.53,gesture_name
14,9,200,262,0.763359,13535,1316.08,gesture_name
14,8,196,261,0.750958,12612,1196.4,gesture_name
15,10,148,259,0.571429,9514.5,854.448,gesture_name
18,14,152,259,0.586873,6977.5,742.365,gesture_name
17,12,74,96,0.770833,2285.5,290.777,gesture_name
24,18,89,101,0.881188,2340.5,295.747,gesture_name
21,17,157,187,0.839572,4319,581.21,gesture_name
21,13,243,258,0.94186,7983.5,883.1,gesture_name
17,11,253,281,0.900356,9463,946.053,gesture_name
15,9,273,344,0.793605,12854.5,1521.02,gesture_name
14,8,277,346,0.800578,13853.5,1314.71,gesture_name
16,9,274,350,0.782857,13738,1457.72,gesture_name
15,9,270,338,0.798817,13907.5,1371.26,gesture_name
13,7,260,368,0.706522,13979,1430.81,gesture_name
15,9,259,375,0.690667,14094.5,1472.03,gesture_name
16,10,257,382,0.672775,13719.5,1394.29,gesture_name
16,10,255,389,0.655527,13336.5,1515.34,gesture_name
14,10,252,351,0.717949,11178,1129.51,gesture_name
15,11,230,272,0.845588,7797.5,907.159,gesture_name
23,18,139,166,0.837349,4644,483.813,gesture_name
18,12,144,312,0.461538,11822,940.632,gesture_name
15,9,158,288,0.548611,15386,1185.63,gesture_name
16,9,173,280,0.617857,15727.5,1230.21,gesture_name
14,8,152,275,0.552727,14812,1066.29,gesture_name
13,11,210,273,0.769231,15090,1321.02,gesture_name
15,10,211,272,0.775735,14938,1324.48,gesture_name
13,10,211,272,0.775735,14962,1408.56,gesture_name
13,8,208,271,0.767528,14687.5,1314.24,gesture_name
14,10,208,271,0.767528,14482,1307.51,gesture_name
12,8,208,271,0.767528,14482,1314.14,gesture_name
15,11,207,270,0.766667,14346.5,1309.07,gesture_name
12,9,206,269,0.765799,14325.5,1304.72,gesture_name
16,10,206,267,0.771536,14272,1300.96,gesture_name
14,10,207,266,0.778195,14258,1304.62,gesture_name
16,10,206,267,0.771536,14760,1301.79,gesture_name
14,9,207,267,0.775281,15310,1303.94,gesture_name
15,9,209,268,0.779851,16847.5,1347.63,gesture_name
15,9,210,268,0.783582,16994.5,1337.49,gesture_name
16,11,209,267,0.782772,16971.5,1369.63,gesture_name
14,10,210,266,0.789474,16906,1357.88,gesture_name
16,12,210,264,0.795455,16919.5,1355.78,gesture_name
17,12,210,263,0.798479,16778,1348.7,gesture_name
15,10,209,260,0.803846,16642.5,1324.81,gesture_name
15,9,209,260,0.803846,16739.5,1321.98,gesture_name
16,10,210,261,0.804598,17437,1305.39,gesture_name
18,10,210,261,0.804598,17622.5,1301.15,gesture_name
15,11,210,260,0.807692,17514,1303.94,gesture_name
17,11,209,259,0.80695,17462,1305.73,gesture_name
20,14,207,259,0.799228,17432,1283.25,gesture_name
18,12,180,257,0.700389,16307.5,1164.09,gesture_name
18,12,183,275,0.665455,13195.5,944.046,gesture_name
16,12,146,147,0.993197,5454.5,519.227,gesture_name
14,11,245,244,1.0041,8607,966.288,gesture_name
15,9,282,272,1.03676,12208.5,1035.38,gesture_name
17,12,295,319,0.924765,15779.5,1373.4,gesture_name
17,12,304,320,0.95,17256,1438.55,gesture_name
13,9,309,322,0.959627,18632,1526.01,gesture_name
16,10,309,326,0.947853,19669.5,1529.08,gesture_name
16,10,306,331,0.924471,20283.5,1489.97,gesture_name
16,10,302,334,0.904192,20809,1464.55,gesture_name
19,12,297,339,0.876106,22650.5,1708.62,gesture_name
17,12,291,344,0.84593,22619.5,1673.85,gesture_name
15,10,282,350,0.805714,21222,1491.1,gesture_name
18,12,278,355,0.783099,21622,1573.24,gesture_name
18,12,272,360,0.755556,22103.5,1816.62,gesture_name
17,12,271,362,0.748619,21764,1763.26,gesture_name
15,10,270,365,0.739726,21219,1807.12,gesture_name
18,13,270,366,0.737705,20074,1554.47,gesture_name
17,11,268,366,0.73224,19972.5,1602.03,gesture_name
14,10,269,365,0.736986,19967,1669.67,gesture_name
16,12,254,362,0.701657,18820,1575.52,gesture_name
21,17,242,333,0.726727,16460,1397.36,gesture_name
21,17,225,313,0.71885,15562,1153.17,gesture_name
20,15,224,310,0.722581,15395,1153.37,gesture_name
24,19,224,310,0.722581,15241,1121.71,gesture_name
20,15,228,325,0.701538,15662.5,1180.18,gesture_name
15,11,252,358,0.703911,18288,1465.84,gesture_name
19,13,255,361,0.706371,18918,1559.1,gesture_name
20,14,266,349,0.762178,18542,1561.78,gesture_name
21,15,251,332,0.756024,15837,1322.02,gesture_name
16,11,252,319,0.789969,14603,1232.76,gesture_name
17,14,240,234,1.02564,11734,833.176,gesture_name
14,10,286,236,1.21186,11992,907.886,gesture_name
15,10,306,233,1.3133,12692.5,1041.04,gesture_name
19,14,310,242,1.28099,13024.5,1021.18,gesture_name
18,12,305,246,1.23984,13322,1025.14,gesture_name
17,11,312,280,1.11429,14983,1281.62,gesture_name
14,9,301,279,1.07885,14937.5,1301.23,gesture_name
16,11,297,281,1.05694,15048,1255.42,gesture_name
13,9,293,285,1.02807,15104,1314.53,gesture_name
13,7,288,285,1.01053,15035.5,1274.2,gesture_name
15,11,291,285,1.02105,14836.5,1281.52,gesture_name
13,10,292,283,1.0318,14858.5,1257.52,gesture_name
16,10,302,276,1.0942,14846.5,1272.06,gesture_name
13,7,311,272,1.14338,14406.5,1242.75,gesture_name
14,9,311,272,1.14338,14374.5,1206.95,gesture_name
14,9,312,272,1.14706,13980.5,1221.78,gesture_name
13,10,310,273,1.13553,13787,1230.16,gesture_name
