threshVal,depthLevel,numHullPoints,numDefects,bbox.width,bbox.height,aspect_ratio,area,perimeter,gesture_label
144,10,18,12,224,308,0.727273,16828,966.063,pinch_1.csv
144,10,17,12,224,308,0.727273,16795,966.063,pinch_1.csv
144,10,15,9,223,308,0.724026,16778.5,960.992,pinch_1.csv
144,10,15,10,222,308,0.720779,16766,961.578,pinch_1.csv
144,10,15,9,222,308,0.720779,16765,962.406,pinch_1.csv
144,10,16,11,221,309,0.71521,16797,966.063,pinch_1.csv
144,10,15,11,221,309,0.71521,16761,964.749,pinch_1.csv
144,10,16,10,222,308,0.720779,16741.5,958.507,pinch_1.csv
144,10,18,13,222,308,0.720779,16753,961.921,pinch_1.csv
144,10,17,10,222,307,0.723127,16750,961.578,pinch_1.csv
144,10,17,13,223,306,0.728758,16698.5,960.507,pinch_1.csv
144,10,19,12,223,306,0.728758,16724.5,962.164,pinch_1.csv
144,10,19,12,223,307,0.726384,16701,959.578,pinch_1.csv
144,10,14,8,222,306,0.72549,16691.5,960.164,pinch_1.csv
144,10,14,8,217,306,0.70915,16675.5,960.992,pinch_1.csv
144,10,18,12,186,311,0.598071,17185.5,964.566,pinch_1.csv
144,10,19,14,150,305,0.491803,17638,995.092,pinch_1.csv
144,10,19,14,132,278,0.47482,16878.5,1032.39,pinch_1.csv
144,10,22,15,130,277,0.469314,16834,1042.29,pinch_1.csv
144,10,21,16,129,276,0.467391,16834,1043.6,pinch_1.csv
144,10,21,16,129,275,0.469091,16731.5,1037.7,pinch_1.csv
144,10,19,12,128,274,0.467153,16646.5,1037.36,pinch_1.csv
144,10,20,14,127,274,0.463504,16653.5,1036.39,pinch_1.csv
144,10,23,16,129,275,0.469091,18271.5,803.252,pinch_1.csv
144,10,21,15,129,275,0.469091,18253,809.495,pinch_1.csv
144,10,20,14,129,275,0.469091,18256,804.181,pinch_1.csv
144,10,20,15,129,275,0.469091,16756.5,1035.56,pinch_1.csv
144,10,24,18,129,275,0.469091,16775.5,1037.36,pinch_1.csv
144,10,20,15,129,274,0.470803,16764.5,1035.36,pinch_1.csv
144,10,20,14,129,274,0.470803,16772.5,1039.02,pinch_1.csv
144,10,23,17,129,274,0.470803,16753.5,1041.36,pinch_1.csv
144,10,22,17,129,274,0.470803,18269.5,801.11,pinch_1.csv
144,10,23,17,129,274,0.470803,18317,782.725,pinch_1.csv
144,10,22,15,129,274,0.470803,16745,1031.46,pinch_1.csv
144,10,22,16,129,274,0.470803,16741.5,1023.22,pinch_1.csv
144,10,21,14,128,274,0.467153,16722.5,1034.53,pinch_1.csv
144,10,21,14,127,274,0.463504,16674.5,1018.25,pinch_1.csv
144,10,22,16,131,284,0.461268,16929.5,1001.76,pinch_1.csv
144,10,18,12,155,301,0.51495,17522,982.867,pinch_1.csv
144,10,15,9,195,308,0.633117,16833,957.98,pinch_1.csv
144,10,17,10,218,308,0.707792,17234,966.749,pinch_1.csv
144,10,15,9,227,310,0.732258,17751.5,972.164,pinch_1.csv
144,10,16,10,230,315,0.730159,18320.5,979.477,pinch_1.csv
144,10,15,9,230,317,0.725552,18476.5,984.649,pinch_1.csv
144,10,17,10,230,317,0.725552,18451,984.063,pinch_1.csv
144,10,14,9,229,318,0.720126,18438.5,983.477,pinch_1.csv
144,10,15,8,230,317,0.725552,18406,982.548,pinch_1.csv
144,10,14,8,231,314,0.735669,18221.5,979.477,pinch_1.csv
144,10,15,9,229,314,0.729299,18124,978.063,pinch_1.csv
144,10,17,10,230,314,0.732484,18067.5,980.791,pinch_1.csv
144,10,14,9,231,313,0.738019,17982,979.235,pinch_1.csv
144,10,16,10,231,313,0.738019,17969.5,982.306,pinch_1.csv
144,10,15,9,231,312,0.740385,17952.5,978.306,pinch_1.csv
144,10,16,9,231,312,0.740385,17901.5,979.477,pinch_1.csv
144,10,15,9,231,312,0.740385,17906,978.548,pinch_1.csv
144,10,18,12,232,312,0.74359,17924.5,979.134,pinch_1.csv
144,10,15,9,234,310,0.754839,17884.5,980.791,pinch_1.csv
144,10,16,10,235,308,0.762987,17784,976.548,pinch_1.csv
144,10,17,11,235,307,0.765472,17689.5,976.791,pinch_1.csv
144,10,17,12,234,307,0.762215,17674.5,974.306,pinch_1.csv
144,10,17,10,234,306,0.764706,17697.5,971.963,pinch_1.csv
144,10,16,10,233,306,0.761438,17625,976.205,pinch_1.csv
144,10,17,11,231,307,0.752443,17564,971.235,pinch_1.csv
144,10,15,9,223,310,0.719355,17533.5,974.164,pinch_1.csv
144,10,17,12,195,314,0.621019,17544.5,964.909,pinch_1.csv
144,10,18,13,165,311,0.530547,18315,1093.72,pinch_1.csv
144,10,20,14,147,298,0.493289,17307,991.377,pinch_1.csv
144,10,20,14,131,274,0.478102,16964,1053.46,pinch_1.csv
144,10,20,13,129,273,0.472527,16831.5,1061.36,pinch_1.csv
144,10,19,13,129,273,0.472527,18600.5,774.139,pinch_1.csv
144,10,24,17,128,273,0.468864,18514,769.897,pinch_1.csv
144,10,23,16,127,273,0.465201,18429.5,771.654,pinch_1.csv
144,10,21,15,127,274,0.463504,18478.5,767.654,pinch_1.csv
144,10,22,16,127,275,0.461818,18501.5,769.654,pinch_1.csv
144,10,21,16,127,275,0.461818,18462,766.725,pinch_1.csv
144,10,20,14,127,275,0.461818,18470.5,770.968,pinch_1.csv
144,10,19,14,127,275,0.461818,18485.5,767.654,pinch_1.csv
144,10,18,12,126,274,0.459854,18488,767.068,pinch_1.csv
144,10,20,14,126,274,0.459854,18488,766.725,pinch_1.csv
144,10,22,15,126,274,0.459854,18488,765.068,pinch_1.csv
144,10,20,13,126,274,0.459854,18475,763.897,pinch_1.csv
144,10,18,13,125,274,0.456204,18446,765.068,pinch_1.csv
144,10,19,13,125,274,0.456204,18459.5,766.139,pinch_1.csv
144,10,18,13,126,274,0.459854,18496,765.068,pinch_1.csv
144,10,20,14,126,273,0.461538,18433,764.24,pinch_1.csv
144,10,23,17,126,273,0.461538,18453.5,766.482,pinch_1.csv
144,10,23,17,126,273,0.461538,18464.5,763.311,pinch_1.csv
144,10,20,15,126,272,0.463235,18449,761.411,pinch_1.csv
144,10,21,15,126,272,0.463235,18481.5,763.654,pinch_1.csv
144,10,20,13,126,273,0.461538,18553,762.24,pinch_1.csv
144,10,20,14,126,272,0.463235,18540,763.411,pinch_1.csv
144,10,20,14,126,272,0.463235,18471,763.411,pinch_1.csv
144,10,22,16,126,272,0.463235,16716.5,1033.36,pinch_1.csv
144,10,16,11,147,288,0.510417,16970,961.838,pinch_1.csv
144,10,19,13,186,294,0.632653,16421,933.838,pinch_1.csv
144,10,14,8,218,296,0.736486,17056.5,945.536,pinch_1.csv
144,10,15,10,229,295,0.776271,17408.5,952.85,pinch_1.csv
144,10,15,9,232,298,0.778523,17804,961.578,pinch_1.csv
144,10,17,11,233,301,0.774086,18125.5,966.164,pinch_1.csv
144,10,16,10,232,302,0.768212,18176.5,967.82,pinch_1.csv
144,10,15,10,230,303,0.759076,18152.5,966.164,pinch_1.csv
144,10,16,10,231,302,0.764901,18106.5,966.992,pinch_1.csv
144,10,17,11,230,302,0.761589,18080.5,966.507,pinch_1.csv
144,10,17,11,229,302,0.758278,18065,967.578,pinch_1.csv
144,10,16,10,229,300,0.763333,17972.5,964.164,pinch_1.csv
144,10,14,8,229,300,0.763333,17850.5,962.164,pinch_1.csv
144,10,15,9,230,300,0.766667,17862,962.264,pinch_1.csv
144,10,15,9,230,300,0.766667,17855,963.092,pinch_1.csv
144,10,17,11,230,299,0.769231,17797.5,960.507,pinch_1.csv
144,10,15,9,229,300,0.763333,17763.5,962.164,pinch_1.csv
144,10,15,9,229,300,0.763333,17792,963.092,pinch_1.csv
144,10,14,9,230,299,0.769231,17828.5,966.164,pinch_1.csv
144,10,15,9,232,299,0.77592,17892.5,964.992,pinch_1.csv
144,10,16,10,236,300,0.786667,18009.5,972.306,pinch_1.csv
144,10,17,10,240,302,0.794702,18342.5,978.791,pinch_1.csv
144,10,12,6,243,303,0.80198,18943.5,987.276,pinch_1.csv
144,10,15,9,246,305,0.806557,19599,1002.49,pinch_1.csv
144,10,15,10,246,307,0.801303,20309.5,1010.39,pinch_1.csv
144,10,17,11,247,308,0.801948,20885.5,1017.36,pinch_1.csv
144,10,16,10,241,312,0.772436,21209,1028.43,pinch_1.csv
144,10,16,10,235,312,0.753205,20569.5,1134.56,pinch_1.csv
144,10,13,8,221,305,0.72459,19474.5,1158.07,pinch_1.csv
144,10,18,12,200,295,0.677966,18600.5,1105.36,pinch_1.csv
144,10,22,16,103,284,0.362676,17017,754.156,pinch_1.csv
144,10,16,9,196,269,0.728625,19888.5,991.394,pinch_1.csv
144,10,22,16,153,255,0.6,19998,776.985,pinch_1.csv
144,10,26,20,180,250,0.72,20767.5,853.796,pinch_1.csv
144,10,26,19,195,246,0.792683,21316,865.553,pinch_1.csv
144,10,24,17,214,242,0.884298,22216.5,931.453,pinch_1.csv
144,10,25,19,217,243,0.893004,22026.5,912.139,pinch_1.csv
144,10,21,16,218,244,0.893443,22089,906.867,pinch_1.csv
144,10,28,22,219,246,0.890244,22247,911.009,pinch_1.csv
144,10,27,21,219,249,0.879518,22473.5,935.595,pinch_1.csv
144,10,24,18,220,251,0.876494,22508,968.95,pinch_1.csv
144,10,24,18,219,251,0.87251,22494,977.779,pinch_1.csv
144,10,26,20,220,251,0.876494,22472,978.264,pinch_1.csv
144,10,23,16,222,250,0.888,22377.5,1029.28,pinch_1.csv
144,10,27,21,191,251,0.760956,21400,855.495,pinch_1.csv
144,10,31,24,190,252,0.753968,21367.5,859.737,pinch_1.csv
144,10,27,21,189,253,0.747036,21350,857.151,pinch_1.csv
144,10,25,18,183,256,0.714844,21352,854.808,pinch_1.csv
144,10,25,19,173,261,0.662835,21319,808.039,pinch_1.csv
144,10,25,20,164,265,0.618868,21122.5,783.654,pinch_1.csv
144,10,23,17,155,268,0.578358,20802.5,768.198,pinch_1.csv
144,10,27,21,141,276,0.51087,20254.5,764.884,pinch_1.csv
144,10,16,10,216,290,0.744828,21569,1071.29,pinch_1.csv
144,10,14,9,215,299,0.719064,21517.5,1067.88,pinch_1.csv
144,10,15,9,216,305,0.708197,21400,1076.67,pinch_1.csv
144,10,14,8,216,311,0.694534,21362,1090.32,pinch_1.csv
144,10,14,9,217,315,0.688889,21424.5,1098.22,pinch_1.csv
144,10,12,7,217,317,0.684543,21424.5,1099.39,pinch_1.csv
144,10,13,8,217,321,0.676012,21712,1043.21,pinch_1.csv
144,10,12,7,217,321,0.676012,21691,1038.87,pinch_1.csv
144,10,12,6,217,320,0.678125,21625,1039.7,pinch_1.csv
144,10,12,7,207,320,0.646875,21556.5,1004.14,pinch_1.csv
144,10,14,8,207,320,0.646875,21465,1000.72,pinch_1.csv
144,10,14,8,206,319,0.645768,21431,996.24,pinch_1.csv
144,10,14,8,207,317,0.652997,21393,998.24,pinch_1.csv
144,10,13,9,207,317,0.652997,21381,999.068,pinch_1.csv
144,10,14,8,207,315,0.657143,21381.5,998.139,pinch_1.csv
144,10,15,8,207,314,0.659236,21338,992.725,pinch_1.csv
144,10,12,6,206,312,0.660256,21320,995.553,pinch_1.csv
144,10,12,6,205,309,0.66343,21332,1000.18,pinch_1.csv
144,10,13,8,203,307,0.661238,21203,1002.32,pinch_1.csv
144,10,13,7,203,304,0.667763,20687.5,1142.39,pinch_1.csv
144,10,19,13,126,300,0.42,18671.5,815.169,pinch_1.csv
144,10,22,15,136,295,0.461017,18616.5,817.796,pinch_1.csv
144,10,22,16,142,290,0.489655,18561.5,819.11,pinch_1.csv
144,10,23,16,148,286,0.517483,18522.5,827.252,pinch_1.csv
144,10,24,16,152,282,0.539007,18496.5,824.909,pinch_1.csv
144,10,25,18,154,279,0.551971,18358,831.293,pinch_1.csv
144,10,21,16,155,276,0.561594,18287.5,831.051,pinch_1.csv
144,10,21,14,158,273,0.578755,18277,828.122,pinch_1.csv
144,10,22,17,159,269,0.591078,18150.5,826.021,pinch_1.csv
144,10,22,16,160,265,0.603774,17994.5,824.021,pinch_1.csv
144,10,22,17,161,264,0.609848,18007,823.293,pinch_1.csv
144,10,21,15,161,262,0.614504,17993.5,819.051,pinch_1.csv
144,10,22,16,161,260,0.619231,17914,819.436,pinch_1.csv
144,10,18,12,161,259,0.621622,17867,819.779,pinch_1.csv
144,10,22,15,162,258,0.627907,17854.5,817.193,pinch_1.csv
144,10,18,11,159,257,0.618677,17675,814.122,pinch_1.csv
144,10,24,18,157,256,0.613281,17315.5,818.222,pinch_1.csv
144,10,24,18,160,255,0.627451,17962.5,1069.3,pinch_1.csv
144,10,22,16,154,252,0.611111,19203,828.181,pinch_1.csv
144,10,23,16,155,250,0.62,19097.5,799.654,pinch_1.csv
144,10,20,15,159,253,0.628458,19040.5,797.311,pinch_1.csv
144,10,21,15,165,255,0.647059,19117.5,802.968,pinch_1.csv
144,10,17,12,171,256,0.667969,19227,812.867,pinch_1.csv
144,10,18,14,175,258,0.678295,19419,819.009,pinch_1.csv
144,10,20,13,178,259,0.687259,19558,821.009,pinch_1.csv
144,10,21,14,180,259,0.694981,19627,827.838,pinch_1.csv
144,10,22,16,180,260,0.692308,19692,828.666,pinch_1.csv
144,10,20,15,180,260,0.692308,19714.5,828.08,pinch_1.csv
144,10,21,15,178,260,0.684615,19735,824.323,pinch_1.csv
144,10,20,15,177,261,0.678161,19808,830.323,pinch_1.csv
144,10,22,16,176,262,0.671756,19847.5,832.909,pinch_1.csv
144,10,20,15,175,262,0.667939,19831,827.009,pinch_1.csv
144,10,20,14,174,263,0.661597,19850,828.323,pinch_1.csv
144,10,22,15,174,263,0.661597,19840,832.808,pinch_1.csv
144,10,24,17,174,262,0.664122,19842,829.151,pinch_1.csv
144,10,23,16,173,262,0.660305,19838.5,823.737,pinch_1.csv
144,10,21,16,173,262,0.660305,19849.5,829.394,pinch_1.csv
144,10,21,14,172,263,0.653992,19952,825.98,pinch_1.csv
144,10,20,13,170,264,0.643939,20045,826.465,pinch_1.csv
144,10,21,15,168,266,0.631579,20182.5,825.394,pinch_1.csv
144,10,22,16,161,272,0.591912,18724.5,1053.1,pinch_1.csv
144,10,22,16,164,300,0.546667,18665,1018.23,pinch_1.csv
144,10,20,13,179,319,0.561129,19369,1101.12,pinch_1.csv
144,10,17,11,195,329,0.592705,19160,993.921,pinch_1.csv
144,10,14,10,198,330,0.6,19649.5,1006.39,pinch_1.csv
144,10,13,7,205,329,0.6231,19657.5,993.703,pinch_1.csv
144,10,14,8,208,330,0.630303,19720,991.259,pinch_1.csv
144,10,14,8,208,330,0.630303,19579.5,983.016,pinch_1.csv
144,10,15,9,206,330,0.624242,19261,971.117,pinch_1.csv
144,10,16,9,204,332,0.614458,19068,969.945,pinch_1.csv
144,10,16,9,201,333,0.603604,18853,963.318,pinch_1.csv
144,10,16,10,198,334,0.592814,18513.5,955.904,pinch_1.csv
144,10,15,10,196,335,0.585075,18244.5,952.59,pinch_1.csv
144,10,15,9,194,336,0.577381,18018.5,950.933,pinch_1.csv
144,10,15,9,192,337,0.569733,17872,950.347,pinch_1.csv
144,10,15,9,191,338,0.565089,17767.5,949.276,pinch_1.csv
144,10,16,10,190,339,0.560472,17732,950.69,pinch_1.csv
144,10,15,10,192,338,0.568047,17747.5,956.59,pinch_1.csv
144,10,16,10,193,338,0.571006,17740.5,955.762,pinch_1.csv
144,10,18,13,194,338,0.573964,17767,959.519,pinch_1.csv
144,10,16,11,196,338,0.579882,17798.5,960.933,pinch_1.csv
144,10,15,8,197,337,0.58457,17776.5,960.933,pinch_1.csv
144,10,14,7,197,337,0.58457,17743,960.347,pinch_1.csv
144,10,15,11,196,338,0.579882,17763,965.377,pinch_1.csv
144,10,15,12,196,338,0.579882,17715.5,962.448,pinch_1.csv
144,10,14,8,194,338,0.573964,17686,962.548,pinch_1.csv
144,10,16,9,193,339,0.569322,17675.5,960.791,pinch_1.csv
144,10,15,9,191,340,0.561765,17626.5,960.791,pinch_1.csv
144,10,14,8,188,341,0.55132,17571,962.548,pinch_1.csv
144,10,16,9,186,343,0.542274,17560,961.235,pinch_1.csv
144,10,16,10,185,344,0.537791,17581.5,960.649,pinch_1.csv
144,10,15,10,184,344,0.534884,17580,961.235,pinch_1.csv
144,10,16,10,181,346,0.523121,17588.5,962.164,pinch_1.csv
144,10,14,8,182,346,0.526012,17649.5,966.164,pinch_1.csv
144,10,15,10,184,346,0.531792,17733.5,971.335,pinch_1.csv
144,10,15,10,182,346,0.526012,17732.5,974.85,pinch_1.csv
144,10,18,11,182,346,0.526012,17775.5,984.021,pinch_1.csv
144,10,18,11,180,345,0.521739,17785.5,991.678,pinch_1.csv
144,10,20,15,173,345,0.501449,17711.5,997.051,pinch_1.csv
144,10,18,13,164,345,0.475362,17522,996.666,pinch_1.csv
144,10,19,12,161,344,0.468023,17385,991.838,pinch_1.csv
144,10,18,13,157,342,0.459064,17316,996.666,pinch_1.csv
144,10,21,13,155,340,0.455882,17191.5,989.11,pinch_1.csv
144,10,19,14,155,339,0.457227,17144.5,989.453,pinch_1.csv
144,10,20,13,153,337,0.454006,17066.5,989.11,pinch_1.csv
144,10,20,14,153,335,0.456716,17100,994.181,pinch_1.csv
144,10,18,12,150,331,0.453172,17125,994.323,pinch_1.csv
144,10,18,13,148,327,0.452599,17058.5,1001.19,pinch_1.csv
144,10,18,12,146,323,0.452012,17024.5,999.335,pinch_1.csv
144,10,19,14,146,320,0.45625,17063,1009.86,pinch_1.csv
144,10,18,12,145,317,0.457413,17061,1013.18,pinch_1.csv
144,10,18,12,145,315,0.460317,17089,1012.49,pinch_1.csv
144,10,17,13,145,312,0.464744,17128.5,1016.87,pinch_1.csv
144,10,20,14,144,310,0.464516,17148,1017.12,pinch_1.csv
144,10,20,14,143,309,0.462783,17179,1019.95,pinch_1.csv
144,10,20,15,142,307,0.462541,17226,1014.77,pinch_1.csv
144,10,19,14,140,304,0.460526,17205.5,1019.5,pinch_1.csv
144,10,21,17,138,301,0.458472,17209,1020.09,pinch_1.csv
144,10,20,15,135,298,0.45302,17226,1020.92,pinch_1.csv
144,10,21,15,130,294,0.442177,17201,1024.43,pinch_1.csv
144,10,21,16,127,290,0.437931,17176,1024.77,pinch_1.csv
144,10,20,15,126,290,0.434483,17169.5,1030.53,pinch_1.csv
144,10,21,15,126,290,0.434483,17161,1038.09,pinch_1.csv
144,10,20,16,126,290,0.434483,17145,1033.6,pinch_1.csv
144,10,21,17,126,289,0.435986,17149,1036.92,pinch_1.csv
144,10,19,16,126,290,0.434483,18503,823.495,pinch_1.csv
144,10,22,16,125,290,0.431034,18492,813.838,pinch_1.csv
144,10,23,19,124,291,0.426117,18474,797.696,pinch_1.csv
144,10,24,19,120,293,0.409556,18390.5,788.139,pinch_1.csv
144,10,24,18,117,295,0.39661,18248,783.897,pinch_1.csv
144,10,24,19,114,298,0.38255,18090.5,781.997,pinch_1.csv
144,10,24,18,114,301,0.378738,17936,788.382,pinch_1.csv
144,10,19,13,112,303,0.369637,17747,801.068,pinch_1.csv
144,10,20,15,110,305,0.360656,17525.5,801.855,pinch_1.csv
144,10,21,15,111,308,0.36039,17326,804.926,pinch_1.csv
144,10,24,18,112,310,0.36129,17240,808.583,pinch_1.csv
144,10,24,18,116,313,0.370607,17287.5,812.825,pinch_1.csv
144,10,25,20,118,315,0.374603,17327.5,819.796,pinch_1.csv
144,10,25,19,120,316,0.379747,17416.5,820.968,pinch_1.csv
144,10,22,17,121,318,0.380503,17416.5,827.938,pinch_1.csv
144,10,25,20,122,319,0.382445,17446.5,824.139,pinch_1.csv
144,10,22,16,122,321,0.380062,17462.5,828.968,pinch_1.csv
144,10,24,19,124,323,0.383901,17500,824.24,pinch_1.csv
144,10,23,17,124,324,0.382716,17518.5,834.482,pinch_1.csv
144,10,23,17,125,325,0.384615,17490.5,831.311,pinch_1.csv
144,10,21,16,127,325,0.390769,17410.5,834.482,pinch_1.csv
144,10,20,14,127,326,0.389571,17394.5,835.311,pinch_1.csv
144,10,21,16,129,326,0.395706,17369.5,834.825,pinch_1.csv
144,10,18,12,129,326,0.395706,17396,832.24,pinch_1.csv
144,10,22,16,130,328,0.396341,16366.5,1105.42,pinch_1.csv
144,10,21,15,130,348,0.373563,16869,1136.95,pinch_1.csv
144,10,18,13,161,355,0.453521,16306.5,1065.19,pinch_1.csv
144,10,15,10,180,351,0.512821,16135.5,1059.9,pinch_1.csv
144,10,14,8,191,344,0.555233,16146,1044.29,pinch_1.csv
144,10,14,9,198,339,0.584071,16247,1053.26,pinch_1.csv
144,10,14,9,202,337,0.599407,16381,1056.43,pinch_1.csv
144,10,16,10,205,334,0.613772,16420,1055.6,pinch_1.csv
144,10,15,11,207,331,0.625378,16434,1055.6,pinch_1.csv
144,10,16,11,209,329,0.635258,16390,1055.6,pinch_1.csv
144,10,15,9,210,327,0.642202,16343.5,1048.87,pinch_1.csv
144,10,15,10,212,325,0.652308,16315,1049.6,pinch_1.csv
144,10,15,9,213,322,0.661491,16268.5,1044.67,pinch_1.csv
144,10,17,10,215,320,0.671875,16198.5,1043.36,pinch_1.csv
144,10,15,9,216,318,0.679245,16161.5,1043.36,pinch_1.csv
144,10,16,10,217,317,0.684543,16165.5,1048.82,pinch_1.csv
144,10,14,8,217,316,0.686709,16124.5,1040.53,pinch_1.csv
144,10,16,10,217,316,0.686709,16126,1037.95,pinch_1.csv
144,10,18,14,218,316,0.689873,16137.5,1044.67,pinch_1.csv
144,10,19,14,218,316,0.689873,16212,1046.92,pinch_1.csv
144,10,18,12,218,315,0.692063,16178.5,1043.5,pinch_1.csv
144,10,16,11,218,315,0.692063,16177.5,1043.84,pinch_1.csv
144,10,17,11,218,316,0.689873,16175.5,1045.84,pinch_1.csv
144,10,16,10,217,316,0.686709,16163,1041.26,pinch_1.csv
144,10,18,12,217,316,0.686709,16137,1037.12,pinch_1.csv
144,10,17,10,217,316,0.686709,16092.5,1043.16,pinch_1.csv
144,10,19,13,212,320,0.6625,16009,1036.43,pinch_1.csv
144,10,16,11,206,322,0.639752,15805,1030.43,pinch_1.csv
144,10,16,10,197,328,0.60061,15874.5,1030.05,pinch_1.csv
144,10,19,14,160,338,0.473373,17436.5,1236.39,pinch_1.csv
144,10,23,18,133,331,0.401813,16357.5,1042.08,pinch_1.csv
144,10,20,16,134,320,0.41875,18224.5,861.796,pinch_1.csv
144,10,22,16,135,319,0.423197,18131,865.553,pinch_1.csv
144,10,23,18,135,319,0.423197,18104.5,869.796,pinch_1.csv
144,10,22,16,135,318,0.424528,18109.5,864.482,pinch_1.csv
144,10,23,18,134,318,0.421384,18150,864.382,pinch_1.csv
144,10,24,19,134,318,0.421384,18211.5,863.311,pinch_1.csv
144,10,20,15,132,318,0.415094,18244,864.382,pinch_1.csv
144,10,21,16,132,318,0.415094,18253.5,863.938,pinch_1.csv
144,10,21,15,131,318,0.41195,18255,859.897,pinch_1.csv
144,10,19,14,131,318,0.41195,18260.5,865.796,pinch_1.csv
144,10,19,14,131,318,0.41195,18262,865.21,pinch_1.csv
144,10,21,17,132,318,0.415094,18264.5,864.624,pinch_1.csv
144,10,23,18,131,318,0.41195,18239,864.382,pinch_1.csv
144,10,19,14,131,317,0.413249,18217,856.725,pinch_1.csv
144,10,21,16,131,317,0.413249,18236.5,861.311,pinch_1.csv
144,10,23,19,131,318,0.41195,18251.5,860.482,pinch_1.csv
144,10,20,16,131,317,0.413249,18266.5,854.482,pinch_1.csv
144,10,22,17,131,317,0.413249,18236,862.382,pinch_1.csv
144,10,19,14,130,317,0.410095,18258,864.867,pinch_1.csv
144,10,23,19,130,318,0.408805,18268,861.553,pinch_1.csv
144,10,19,14,130,317,0.410095,18259.5,854.482,pinch_1.csv
144,10,22,16,130,317,0.410095,18233.5,857.796,pinch_1.csv
144,10,22,18,131,317,0.413249,18262.5,859.311,pinch_1.csv
144,10,22,17,134,317,0.422713,18264,855.553,pinch_1.csv
144,10,23,17,136,317,0.429022,18267.5,849.654,pinch_1.csv
144,10,22,17,140,316,0.443038,18184.5,849.997,pinch_1.csv
144,10,23,17,144,314,0.458599,18044.5,847.997,pinch_1.csv
144,10,21,16,146,312,0.467949,17879,856.725,pinch_1.csv
144,10,18,13,146,311,0.469453,17719.5,853.997,pinch_1.csv
144,10,21,16,144,311,0.463023,17714.5,847.169,pinch_1.csv
144,10,25,19,140,310,0.451613,17847.5,840.825,pinch_1.csv
144,10,23,18,134,309,0.433657,18001.5,829.512,pinch_1.csv
144,10,21,15,124,308,0.402597,18293.5,823.026,pinch_1.csv
144,10,21,16,118,306,0.385621,18702,820.583,pinch_1.csv
144,10,20,15,118,303,0.389439,19034.5,819.311,pinch_1.csv
144,10,24,18,125,299,0.41806,19365.5,804.281,pinch_1.csv
144,10,22,16,130,295,0.440678,19719.5,806.566,pinch_1.csv
144,10,20,14,148,290,0.510345,20080,818.264,pinch_1.csv
144,10,21,15,165,286,0.576923,20462.5,823.335,pinch_1.csv
144,10,21,15,179,281,0.637011,20720.5,834.649,pinch_1.csv
144,10,26,19,188,278,0.676259,20921.5,849.276,pinch_1.csv
144,10,22,15,193,275,0.701818,21091,862.833,pinch_1.csv
144,10,22,15,195,274,0.711679,21183.5,864.247,pinch_1.csv
144,10,20,15,194,273,0.710623,21151,862.347,pinch_1.csv
144,10,21,14,190,273,0.695971,21107.5,856.105,pinch_1.csv
144,10,24,17,186,274,0.678832,21005.5,852.933,pinch_1.csv
144,10,21,14,182,274,0.664234,20875,849.862,pinch_1.csv
144,10,22,17,179,275,0.650909,20742.5,850.448,pinch_1.csv
144,10,22,15,177,275,0.643636,20677.5,846.791,pinch_1.csv
144,10,20,14,180,273,0.659341,20700,846.548,pinch_1.csv
144,10,18,12,195,290,0.672414,19893,1091.85,pinch_1.csv
144,10,16,9,225,313,0.71885,20602.5,1029.99,pinch_1.csv
144,10,14,8,245,319,0.768025,21068,1013.52,pinch_1.csv
144,10,16,10,256,319,0.802508,21802.5,1048.25,pinch_1.csv
144,10,19,12,262,317,0.826498,22246.5,1026.59,pinch_1.csv
144,10,15,9,266,316,0.841772,22651,1011.03,pinch_1.csv
144,10,13,6,270,315,0.857143,22922,1007.03,pinch_1.csv
144,10,15,8,273,313,0.872204,23106.5,1006.79,pinch_1.csv
144,10,13,7,277,310,0.893548,23201,1008.21,pinch_1.csv
144,10,13,8,279,307,0.908795,23232,1005.86,pinch_1.csv
144,10,13,6,280,304,0.921053,23207,1001.86,pinch_1.csv
144,10,13,7,282,302,0.933775,23237.5,1004.45,pinch_1.csv
144,10,15,8,283,300,0.943333,23255.5,1003.76,pinch_1.csv
144,10,15,8,283,298,0.949664,23272,997.034,pinch_1.csv
144,10,14,8,284,296,0.959459,23305.5,997.619,pinch_1.csv
144,10,12,6,285,295,0.966102,23369,999.034,pinch_1.csv
144,10,15,8,286,293,0.976109,23413,995.862,pinch_1.csv
144,10,15,9,287,291,0.986254,23373,995.862,pinch_1.csv
144,10,14,9,287,289,0.99308,23452.5,994.105,pinch_1.csv
144,10,14,8,288,288,1,23590.5,995.762,pinch_1.csv
144,10,13,7,287,287,1,23719,1003.66,pinch_1.csv
144,10,16,9,285,288,0.989583,24122,1027.95,pinch_1.csv
144,10,16,10,280,283,0.989399,24134.5,1137.87,pinch_1.csv
144,10,14,8,270,244,1.10656,22274.5,1125.18,pinch_1.csv
144,10,17,12,216,228,0.947368,19928,761.637,pinch_1.csv
144,10,21,15,217,226,0.960177,20016,755.98,pinch_1.csv
144,10,21,16,220,224,0.982143,19875.5,754.566,pinch_1.csv
144,10,19,12,227,223,1.01794,19824.5,773.879,pinch_1.csv
144,10,15,9,271,222,1.22072,20816,1016.86,pinch_1.csv
144,10,16,11,271,222,1.22072,20815.5,1012.61,pinch_1.csv
144,10,18,14,269,223,1.20628,20740.5,1018.41,pinch_1.csv
144,10,19,12,266,224,1.1875,20709,1020.51,pinch_1.csv
144,10,17,11,264,225,1.17333,20655.5,1027.58,pinch_1.csv
144,10,17,12,262,226,1.15929,20562.5,1035.24,pinch_1.csv
144,10,18,11,260,227,1.14537,21296,1133.22,pinch_1.csv
144,10,18,11,265,248,1.06855,22276.5,1119.95,pinch_1.csv
144,10,17,12,279,273,1.02198,22902,1019.12,pinch_1.csv
144,10,15,9,285,287,0.993031,22847,1006.83,pinch_1.csv
144,10,15,10,286,288,0.993056,22563,999.862,pinch_1.csv
144,10,14,7,285,288,0.989583,22600,996.205,pinch_1.csv
144,10,14,8,286,289,0.989619,22635,995.377,pinch_1.csv
144,10,14,8,286,290,0.986207,22575.5,994.791,pinch_1.csv
144,10,13,7,287,288,0.996528,22592,994.205,pinch_1.csv
144,10,15,8,287,288,0.996528,22700,991.72,pinch_1.csv
144,10,13,7,288,287,1.00348,22691.5,996.448,pinch_1.csv
144,10,14,8,288,288,1,22666,994.205,pinch_1.csv
144,10,15,9,287,291,0.986254,22776.5,1062.93,pinch_1.csv
144,10,15,8,285,296,0.962838,22892,1030.35,pinch_1.csv
144,10,15,9,281,301,0.933555,22868.5,1038.59,pinch_1.csv
144,10,12,7,275,306,0.898693,22828.5,1070.25,pinch_1.csv
144,10,13,8,268,313,0.85623,22712,1134.92,pinch_1.csv
144,10,13,8,255,318,0.801887,21228,1009.58,pinch_1.csv
144,10,21,16,230,314,0.732484,20933.5,1031.99,pinch_1.csv
144,10,19,13,194,268,0.723881,19671.5,1074.9,pinch_1.csv
144,10,20,14,183,269,0.680297,20776,827.637,pinch_1.csv
144,10,19,13,175,269,0.650558,20435.5,821.051,pinch_1.csv
144,10,20,13,168,270,0.622222,20201,818.808,pinch_1.csv
144,10,21,15,163,271,0.601476,20034.5,820.222,pinch_1.csv
144,10,19,13,158,272,0.580882,19882.5,819.051,pinch_1.csv
144,10,20,14,155,273,0.567766,19824,815.98,pinch_1.csv
144,10,22,15,153,274,0.558394,19754,813.98,pinch_1.csv
144,10,19,13,150,275,0.545455,19679,809.98,pinch_1.csv
144,10,23,17,147,276,0.532609,19647,808.808,pinch_1.csv
144,10,24,17,146,277,0.527076,19626.5,811.737,pinch_1.csv
144,10,21,15,144,277,0.519856,19594,809.495,pinch_1.csv
144,10,22,15,143,277,0.516245,19562.5,807.737,pinch_1.csv
144,10,22,16,141,277,0.509025,19540.5,811.394,pinch_1.csv
144,10,24,19,140,278,0.503597,19531.5,808.909,pinch_1.csv
144,10,25,18,140,278,0.503597,19501.5,809.394,pinch_1.csv
144,10,25,18,139,278,0.5,19461.5,806.566,pinch_1.csv
144,10,22,18,138,279,0.494624,19446,808.323,pinch_1.csv
144,10,21,15,136,279,0.487455,19451.5,806.909,pinch_1.csv
144,10,19,13,139,298,0.466443,18171,1018.09,pinch_1.csv
144,10,19,13,167,325,0.513846,18952.5,1108.73,pinch_1.csv
144,10,16,9,189,338,0.559172,18371,997.98,pinch_1.csv
144,10,13,6,197,340,0.579412,18742.5,1006.51,pinch_1.csv
144,10,17,10,199,340,0.585294,19015.5,1007.68,pinch_1.csv
144,10,13,7,203,342,0.593567,19515,1012.89,pinch_1.csv
144,10,14,8,206,343,0.600583,19736.5,1015.48,pinch_1.csv
144,10,16,11,208,343,0.606414,19753,1018.89,pinch_1.csv
144,10,14,7,208,343,0.606414,19842.5,1019.48,pinch_1.csv
144,10,11,5,210,344,0.610465,19967.5,1025.62,pinch_1.csv
144,10,11,5,210,343,0.612245,19919,1024.21,pinch_1.csv
144,10,13,8,208,342,0.608187,19855,1024.69,pinch_1.csv
144,10,15,9,208,342,0.608187,19792.5,1022.1,pinch_1.csv
144,10,13,6,208,342,0.608187,19773,1021.03,pinch_1.csv
144,10,15,9,208,342,0.608187,19783.5,1025.28,pinch_1.csv
144,10,15,9,208,342,0.608187,19766,1024.55,pinch_1.csv
144,10,15,9,208,342,0.608187,19731,1022.55,pinch_1.csv
144,10,13,7,208,341,0.609971,19690.5,1023.13,pinch_1.csv
144,10,13,6,207,341,0.607038,19741.5,1022.65,pinch_1.csv
144,10,20,13,201,340,0.591176,20793,1152.57,pinch_1.csv
144,10,23,16,184,310,0.593548,19549,1033.89,pinch_1.csv
144,10,19,14,169,282,0.599291,19103.5,1099.44,pinch_1.csv
144,10,19,13,166,283,0.586572,19030.5,1110.76,pinch_1.csv
144,10,19,13,165,283,0.583039,20591,865.092,pinch_1.csv
144,10,20,13,162,283,0.572438,20500.5,851.879,pinch_1.csv
144,10,18,13,161,283,0.568905,20433,851.779,pinch_1.csv
144,10,18,12,159,284,0.559859,20414.5,849.879,pinch_1.csv
144,10,21,16,159,284,0.559859,20354,860.122,pinch_1.csv
144,10,24,18,158,285,0.554386,20355.5,849.879,pinch_1.csv
144,10,22,16,157,285,0.550877,20359.5,854.365,pinch_1.csv
144,10,20,14,157,284,0.552817,20349,853.436,pinch_1.csv
144,10,23,16,157,283,0.55477,20390.5,858.021,pinch_1.csv
144,10,20,14,156,283,0.551237,20434,865.578,pinch_1.csv
144,10,19,13,156,283,0.551237,20449,849.779,pinch_1.csv
144,10,20,13,156,283,0.551237,20440,845.293,pinch_1.csv
144,10,19,13,155,283,0.547703,18812.5,1119.24,pinch_1.csv
144,10,18,12,155,283,0.547703,20459,846.122,pinch_1.csv
144,10,21,14,155,283,0.547703,20445,849.436,pinch_1.csv
144,10,19,14,154,284,0.542254,20432.5,847.536,pinch_1.csv
144,10,23,16,154,284,0.542254,20465.5,846.365,pinch_1.csv
144,10,19,12,153,284,0.538732,20472.5,847.536,pinch_1.csv
144,10,21,15,161,308,0.522727,19440,1111.28,pinch_1.csv
144,10,17,11,187,336,0.556548,19744,1064.69,pinch_1.csv
144,10,16,10,204,341,0.59824,20195,1152.63,pinch_1.csv
144,10,16,9,210,340,0.617647,19725.5,1012.02,pinch_1.csv
144,10,16,10,211,340,0.620588,19993,1018.06,pinch_1.csv
144,10,15,9,214,342,0.625731,20339,1024.21,pinch_1.csv
144,10,12,6,216,341,0.633431,20451.5,1021.96,pinch_1.csv
144,10,12,6,217,339,0.640118,20520,1017.38,pinch_1.csv
144,10,12,7,217,339,0.640118,20606.5,1022.45,pinch_1.csv
144,10,13,7,216,340,0.635294,20598.5,1021.28,pinch_1.csv
144,10,15,8,216,340,0.635294,20578,1020.69,pinch_1.csv
144,10,13,8,215,339,0.634218,20568.5,1022.1,pinch_1.csv
144,10,14,8,214,338,0.633136,20469.5,1019.76,pinch_1.csv
144,10,13,7,212,338,0.627219,20430.5,1016.93,pinch_1.csv
144,10,12,6,211,337,0.626113,20425,1017.18,pinch_1.csv
144,10,15,9,211,336,0.627976,20390,1014,pinch_1.csv
144,10,16,9,209,335,0.623881,20353,1008.83,pinch_1.csv
144,10,13,7,208,335,0.620896,20386,1011.32,pinch_1.csv
144,10,15,9,207,336,0.616071,20375,1010,pinch_1.csv
144,10,13,6,206,336,0.613095,20408.5,1008.59,pinch_1.csv
144,10,15,9,206,338,0.609467,20464,1011.66,pinch_1.csv
144,10,13,8,206,340,0.605882,20507.5,1014.25,pinch_1.csv
144,10,12,8,206,342,0.602339,20609,1018,pinch_1.csv
144,10,14,9,206,346,0.595376,20748,1024,pinch_1.csv
144,10,14,9,206,350,0.588571,20793,1033.18,pinch_1.csv
144,10,12,5,204,353,0.577904,20629,1033.86,pinch_1.csv
144,10,13,8,202,355,0.569014,20583,1038.89,pinch_1.csv
144,10,12,5,200,355,0.56338,20412.5,1040.31,pinch_1.csv
144,10,15,10,199,356,0.558989,20317,1041.23,pinch_1.csv
144,10,12,6,197,357,0.551821,20239.5,1042.99,pinch_1.csv
144,10,14,8,194,357,0.543417,20055.5,1042.16,pinch_1.csv
144,10,15,9,192,358,0.536313,19914,1041.44,pinch_1.csv
144,10,12,6,190,360,0.527778,19889.5,1045.68,pinch_1.csv
144,10,16,10,188,362,0.519337,19839,1052.75,pinch_1.csv
144,10,14,7,185,362,0.51105,19723.5,1049.19,pinch_1.csv
144,10,16,10,184,364,0.505495,19708,1055.44,pinch_1.csv
144,10,17,12,181,363,0.498623,19590.5,1051.88,pinch_1.csv
144,10,17,12,173,361,0.479224,19372.5,1061.34,pinch_1.csv
144,10,18,13,163,356,0.457865,19224.5,1076.25,pinch_1.csv
144,10,18,11,153,347,0.440922,18936.5,1110.82,pinch_1.csv
144,10,16,10,141,331,0.425982,18581.5,1100.61,pinch_1.csv
144,10,19,12,131,315,0.415873,18231.5,1099.3,pinch_1.csv
144,10,18,11,129,316,0.408228,18134.5,1094.82,pinch_1.csv
144,10,20,14,126,317,0.397476,18038,1096.23,pinch_1.csv
144,10,17,13,125,317,0.394322,17978,1094.71,pinch_1.csv
144,10,20,14,124,318,0.389937,17973,1100.37,pinch_1.csv
144,10,17,11,124,318,0.389937,17935.5,1090.82,pinch_1.csv
144,10,22,17,125,318,0.393082,17940,1096.23,pinch_1.csv
144,10,22,16,125,318,0.393082,17939.5,1087.16,pinch_1.csv
144,10,17,13,125,318,0.393082,17964,1095.4,pinch_1.csv
144,10,17,12,125,318,0.393082,17954.5,1093.64,pinch_1.csv
144,10,18,15,124,318,0.389937,17918.5,1089.99,pinch_1.csv
144,10,20,16,125,319,0.39185,17980,1089.89,pinch_1.csv
144,10,17,12,137,341,0.40176,18404,1071.26,pinch_1.csv
144,10,18,13,157,362,0.433702,18644,1058.41,pinch_1.csv
144,10,17,11,172,369,0.466125,18755.5,1044.91,pinch_1.csv
144,10,17,11,180,371,0.485175,18883.5,1040.71,pinch_1.csv
144,10,13,8,184,366,0.502732,18863,1026.12,pinch_1.csv
144,10,14,7,187,357,0.52381,18888.5,1016.02,pinch_1.csv
144,10,14,7,191,347,0.550432,18717.5,1004.02,pinch_1.csv
144,10,12,7,193,341,0.565982,18524,999.779,pinch_1.csv
144,10,13,8,193,340,0.567647,18419.5,997.394,pinch_1.csv
144,10,12,6,188,345,0.544928,18556,1002.67,pinch_1.csv
144,10,17,11,183,354,0.516949,19074,1024.67,pinch_1.csv
144,10,19,13,178,361,0.493075,19752.5,1043.6,pinch_1.csv
144,10,18,14,173,365,0.473973,20445.5,1064.91,pinch_1.csv
144,10,7,4,352,480,0.733333,34076,1987.62,pinch_1.csv
144,10,6,4,346,480,0.720833,34669,1803.45,pinch_1.csv
144,10,6,4,342,480,0.7125,36054.5,1818.86,pinch_1.csv
144,10,8,6,340,480,0.708333,37696.5,1846.18,pinch_1.csv
144,10,8,5,339,480,0.70625,39471,1888.5,pinch_1.csv
144,10,8,5,339,480,0.70625,41088.5,1940.89,pinch_1.csv
144,10,9,6,338,480,0.704167,42684,1935.13,pinch_1.csv
144,10,10,7,339,480,0.70625,43839.5,1945.72,pinch_1.csv
144,10,9,6,343,480,0.714583,46485.5,2175.97,pinch_1.csv
144,10,9,6,350,480,0.729167,46989.5,2162.65,pinch_1.csv
144,10,8,5,359,480,0.747917,47236,2140.75,pinch_1.csv
144,10,9,6,368,480,0.766667,45450,1914.65,pinch_1.csv
144,10,9,5,377,480,0.785417,45183,1915.62,pinch_1.csv
144,10,10,7,386,480,0.804167,44853.5,1913.03,pinch_1.csv
144,10,8,5,394,480,0.820833,45325,2062.81,pinch_1.csv
144,10,10,7,399,480,0.83125,44200,1900.44,pinch_1.csv
144,10,9,6,402,480,0.8375,43665.5,1912.83,pinch_1.csv
144,10,9,6,404,480,0.841667,43076,1907.07,pinch_1.csv
144,10,8,5,403,480,0.839583,42745.5,1917.31,pinch_1.csv
144,10,8,5,400,480,0.833333,42460,1923.42,pinch_1.csv
144,10,10,7,395,480,0.822917,42229.5,1941.11,pinch_1.csv
144,10,19,13,253,373,0.678284,30051,1238.57,pinch_1.csv
144,10,20,14,249,371,0.671159,29912.5,1231.84,pinch_1.csv
144,10,19,13,245,368,0.665761,29754,1235.89,pinch_1.csv
144,10,21,15,231,352,0.65625,31962.5,1391.07,pinch_1.csv
144,10,24,19,202,304,0.664474,29239.5,1255.95,pinch_1.csv
144,10,23,18,198,299,0.662207,29047,1327.45,pinch_1.csv
144,10,21,16,198,297,0.666667,28877.5,1328.18,pinch_1.csv
144,10,20,16,199,295,0.674576,31594.5,975.703,pinch_1.csv
144,10,22,17,200,293,0.682594,31547.5,967.217,pinch_1.csv
144,10,19,14,200,291,0.687285,31516,963.803,pinch_1.csv
144,10,21,16,200,290,0.689655,31424,966.632,pinch_1.csv
144,10,23,18,201,289,0.695502,31422.5,962.874,pinch_1.csv
144,10,22,18,201,288,0.697917,31396,961.803,pinch_1.csv
144,10,20,16,200,287,0.696864,31294,958.146,pinch_1.csv
144,10,21,17,200,287,0.696864,31215,960.146,pinch_1.csv
144,10,23,18,199,287,0.69338,31095,962.489,pinch_1.csv
144,10,24,19,199,287,0.69338,30961,963.803,pinch_1.csv
144,10,23,16,197,287,0.686411,30873,960.632,pinch_1.csv
144,10,18,13,196,288,0.680556,30851.5,962.874,pinch_1.csv
144,10,24,18,195,288,0.677083,28087.5,1270.72,pinch_1.csv
144,10,22,15,209,325,0.643077,28698,1235.02,pinch_1.csv
144,10,18,12,233,351,0.663818,30134.5,1354.9,pinch_1.csv
144,10,19,13,247,354,0.69774,28113.5,1181.76,pinch_1.csv
144,10,20,15,260,351,0.740741,28094.5,1176.39,pinch_1.csv
144,10,14,9,267,350,0.762857,28136.5,1174.05,pinch_1.csv
144,10,15,9,267,352,0.758523,28156,1173.32,pinch_1.csv
144,10,17,11,264,354,0.745763,28162.5,1173.9,pinch_1.csv
144,10,15,9,263,353,0.745042,28129,1172.15,pinch_1.csv
144,10,16,10,264,353,0.747875,28086,1172.15,pinch_1.csv
144,10,17,10,261,354,0.737288,28104.5,1170.73,pinch_1.csv
144,10,18,12,258,355,0.726761,28123,1169.18,pinch_1.csv
144,10,19,12,257,355,0.723944,28145,1168,pinch_1.csv
144,10,15,11,256,354,0.723164,28113.5,1171.76,pinch_1.csv
144,10,15,9,256,354,0.723164,28120,1168.35,pinch_1.csv
144,10,15,9,256,354,0.723164,28093,1166.35,pinch_1.csv
144,10,16,10,257,355,0.723944,28077,1168.83,pinch_1.csv
144,10,17,13,257,356,0.72191,28031,1168.35,pinch_1.csv
144,10,16,11,259,356,0.727528,28036.5,1170.59,pinch_1.csv
144,10,17,11,260,357,0.728291,28051,1172,pinch_1.csv
144,10,18,12,261,358,0.72905,28093,1174.49,pinch_1.csv
144,10,17,13,259,359,0.721448,28138.5,1175.9,pinch_1.csv
144,10,18,14,258,360,0.716667,28203.5,1178.25,pinch_1.csv
144,10,16,11,258,359,0.718663,28210,1176.49,pinch_1.csv
144,10,16,11,256,359,0.713092,28207.5,1179.56,pinch_1.csv
144,10,19,14,245,358,0.684358,28375,1172.97,pinch_1.csv
144,10,22,16,232,355,0.653521,30415,1471.51,pinch_1.csv
144,10,19,14,219,346,0.632948,28474,1265.48,pinch_1.csv
144,10,23,17,205,328,0.625,27725.5,1216.01,pinch_1.csv
144,10,24,18,189,298,0.634228,27547.5,1225.67,pinch_1.csv
144,10,25,19,186,291,0.639175,27478.5,1277.61,pinch_1.csv
144,10,23,18,187,289,0.647059,27306.5,1279.95,pinch_1.csv
144,10,20,14,186,287,0.648084,27202,1263.85,pinch_1.csv
144,10,23,18,187,285,0.65614,27111,1274.68,pinch_1.csv
144,10,24,17,187,282,0.663121,27046.5,1260.44,pinch_1.csv
144,10,22,17,188,279,0.673835,27001,1262.68,pinch_1.csv
144,10,26,21,190,277,0.685921,26978.5,1263.61,pinch_1.csv
144,10,23,17,190,274,0.693431,26923,1254.68,pinch_1.csv
144,10,23,17,191,271,0.704797,26883.5,1235.12,pinch_1.csv
144,10,19,14,192,268,0.716418,30368,872.891,pinch_1.csv
144,10,21,15,193,265,0.728302,26810.5,1222.98,pinch_1.csv
144,10,25,19,194,261,0.743295,30343.5,858.507,pinch_1.csv
144,10,22,16,194,259,0.749035,30354.5,854.992,pinch_1.csv
144,10,23,18,195,258,0.755814,26700.5,1202.98,pinch_1.csv
144,10,25,19,208,283,0.734982,26600,1168.88,pinch_1.csv
144,10,16,10,229,305,0.75082,26606.5,1169.93,pinch_1.csv
144,10,17,11,248,318,0.779874,28545.5,1300.9,pinch_1.csv
144,10,16,12,260,319,0.815047,29315,1314.86,pinch_1.csv
144,10,16,11,265,315,0.84127,29461.5,1308.27,pinch_1.csv
144,10,16,9,269,315,0.853968,29933.5,1305.1,pinch_1.csv
144,10,16,11,272,320,0.85,30426.5,1282.47,pinch_1.csv
144,10,17,10,273,323,0.845201,30741.5,1315.3,pinch_1.csv
144,10,15,9,275,324,0.848765,30886,1334.86,pinch_1.csv
144,10,15,8,277,326,0.849693,30932.5,1252.33,pinch_1.csv
144,10,18,11,281,328,0.856707,31256,1333.69,pinch_1.csv
144,10,18,11,284,330,0.860606,31306,1251.06,pinch_1.csv
144,10,16,9,287,330,0.869697,31440.5,1253.99,pinch_1.csv
144,10,18,12,290,331,0.876133,31578,1261.06,pinch_1.csv
144,10,18,11,291,332,0.876506,31678,1263.4,pinch_1.csv
144,10,14,8,292,332,0.879518,31734.5,1267.64,pinch_1.csv
144,10,17,10,294,332,0.885542,31803.5,1274.27,pinch_1.csv
144,10,16,9,294,332,0.885542,31816,1272.86,pinch_1.csv
144,10,16,9,295,332,0.888554,31858,1275.34,pinch_1.csv
144,10,15,9,297,332,0.894578,31917.5,1271.1,pinch_1.csv
144,10,16,10,298,332,0.89759,32019.5,1272.41,pinch_1.csv
144,10,14,9,299,332,0.900602,32065.5,1269.1,pinch_1.csv
144,10,16,9,300,332,0.903614,32079,1194.71,pinch_1.csv
144,10,15,10,302,333,0.906907,32322.5,1200.61,pinch_1.csv
144,10,14,7,303,333,0.90991,32533.5,1201.44,pinch_1.csv
144,10,13,7,305,333,0.915916,32760,1205.34,pinch_1.csv
144,10,16,9,305,332,0.918675,32967,1209.48,pinch_1.csv
144,10,16,9,305,326,0.935583,33307,1212.74,pinch_1.csv
144,10,17,11,299,311,0.961415,33423.5,1272.18,pinch_1.csv
144,10,16,9,291,280,1.03929,32751,1315.68,pinch_1.csv
144,10,19,14,289,240,1.20417,31762,1273.11,pinch_1.csv
144,10,17,11,290,233,1.24464,30849,1170.05,pinch_1.csv
144,10,21,15,243,232,1.04741,29249.5,844.365,pinch_1.csv
144,10,19,16,245,231,1.06061,29404,846.607,pinch_1.csv
144,10,18,14,248,228,1.08772,29369,851.921,pinch_1.csv
144,10,22,17,248,227,1.09251,29206,850.607,pinch_1.csv
144,10,23,17,249,226,1.10177,29116,850.607,pinch_1.csv
144,10,20,15,250,226,1.10619,29020.5,850.507,pinch_1.csv
144,10,19,14,249,227,1.09692,28882.5,843.335,pinch_1.csv
144,10,21,16,246,228,1.07895,28744.5,839.193,pinch_1.csv
144,10,19,14,247,230,1.07391,28542,843.092,pinch_1.csv
144,10,17,11,292,231,1.26407,30009,1182.68,pinch_1.csv
144,10,16,11,291,232,1.25431,29752,1228.48,pinch_1.csv
144,10,17,11,286,234,1.22222,29303.5,1199.95,pinch_1.csv
144,10,16,10,279,237,1.17722,28657.5,1216.78,pinch_1.csv
144,10,12,8,270,241,1.12033,29708,887.578,pinch_1.csv
144,10,17,12,257,247,1.04049,28453.5,874.85,pinch_1.csv
144,10,18,13,246,253,0.972332,27385.5,881.193,pinch_1.csv
144,10,18,12,237,257,0.922179,26491,885.637,pinch_1.csv
144,10,17,12,230,261,0.881226,25898.5,909.051,pinch_1.csv
144,10,15,9,225,263,0.855513,25494,936.264,pinch_1.csv
144,10,16,11,223,265,0.841509,25189.5,896.365,pinch_1.csv
144,10,15,11,222,266,0.834586,25065,896.122,pinch_1.csv
144,10,15,11,222,267,0.831461,24938,902.264,pinch_1.csv
144,10,13,8,222,267,0.831461,24861.5,901.536,pinch_1.csv
144,10,15,9,222,269,0.825279,23108,1205,pinch_1.csv
144,10,15,9,231,296,0.780405,23325,1206.94,pinch_1.csv
144,10,16,11,244,336,0.72619,23461,1174.74,pinch_1.csv
144,10,15,10,257,357,0.719888,23600,1153.69,pinch_1.csv
144,10,12,6,262,365,0.717808,23976,1150.09,pinch_1.csv
144,10,13,7,263,370,0.710811,24216,1156.29,pinch_1.csv
144,10,14,8,263,374,0.703209,24258,1168.63,pinch_1.csv
144,10,14,8,262,376,0.696809,24298,1171.32,pinch_1.csv
144,10,12,7,262,377,0.69496,24270,1134.69,pinch_1.csv
144,10,14,9,261,378,0.690476,24309,1134.69,pinch_1.csv
144,10,13,8,260,378,0.687831,24281,1137.52,pinch_1.csv
144,10,13,7,260,378,0.687831,24275,1140.83,pinch_1.csv
144,10,14,9,260,376,0.691489,24226.5,1142.39,pinch_1.csv
144,10,14,10,260,375,0.693333,24168.5,1145.7,pinch_1.csv
144,10,15,9,259,375,0.690667,24116.5,1145.7,pinch_1.csv
144,10,14,9,260,375,0.693333,24126,1148.77,pinch_1.csv
144,10,17,11,260,375,0.693333,24166.5,1149.02,pinch_1.csv
144,10,13,7,259,373,0.69437,24188,1149.6,pinch_1.csv
144,10,14,9,253,359,0.704735,24118.5,1144.41,pinch_1.csv
144,10,19,13,239,323,0.739938,23317.5,1163.87,pinch_1.csv
144,10,16,11,224,288,0.777778,22864.5,1193.58,pinch_1.csv
144,10,15,10,221,289,0.764706,24809,925.293,pinch_1.csv
144,10,15,11,222,291,0.762887,24767.5,933.193,pinch_1.csv
144,10,15,11,224,293,0.764505,24843.5,938.85,pinch_1.csv
144,10,15,10,226,296,0.763514,24932,936.749,pinch_1.csv
144,10,14,9,228,298,0.765101,24938,937.436,pinch_1.csv
144,10,17,11,232,299,0.77592,24919.5,939.335,pinch_1.csv
144,10,15,9,237,299,0.792642,24905,936.749,pinch_1.csv
144,10,17,12,242,298,0.812081,24907.5,934.649,pinch_1.csv
144,10,17,11,247,297,0.83165,24914.5,935.963,pinch_1.csv
144,10,18,12,253,295,0.857627,24898.5,931.762,pinch_1.csv
144,10,17,11,258,292,0.883562,24872.5,931.075,pinch_1.csv
144,10,18,12,264,289,0.913495,24857,928.975,pinch_1.csv
144,10,18,13,269,285,0.94386,24840.5,924.874,pinch_1.csv
144,10,16,10,275,281,0.978648,24903,925.945,pinch_1.csv
144,10,17,11,280,277,1.01083,24953,927.259,pinch_1.csv
144,10,17,12,284,272,1.04412,25039,927.259,pinch_1.csv
144,10,19,14,288,268,1.07463,23472,1195.85,pinch_1.csv
144,10,17,12,296,274,1.08029,23926,1209.31,pinch_1.csv
144,10,13,6,307,311,0.987138,24750,1175.25,pinch_1.csv
144,10,14,9,319,332,0.960843,25520,1168.96,pinch_1.csv
144,10,13,8,326,336,0.970238,25962.5,1164.44,pinch_1.csv
144,10,13,6,327,335,0.976119,26149,1158.4,pinch_1.csv
144,10,12,5,329,333,0.987988,26205,1152.05,pinch_1.csv
144,10,11,8,328,331,0.990937,26166,1159.71,pinch_1.csv
144,10,12,5,328,328,1,26151.5,1152.3,pinch_1.csv
144,10,15,9,329,325,1.01231,26142,1150.88,pinch_1.csv
144,10,14,9,331,323,1.02477,26069.5,1153.95,pinch_1.csv
144,10,14,8,331,321,1.03115,26018,1146.54,pinch_1.csv
144,10,14,8,330,319,1.03448,25966.5,1142.3,pinch_1.csv
144,10,11,6,330,316,1.0443,25945,1144.2,pinch_1.csv
144,10,15,10,331,315,1.05079,25930.5,1143.61,pinch_1.csv
144,10,15,11,331,314,1.05414,25895.5,1143.47,pinch_1.csv
144,10,14,8,330,313,1.05431,25864,1140.88,pinch_1.csv
144,10,12,5,330,313,1.05431,25811.5,1137.95,pinch_1.csv
144,10,15,9,330,313,1.05431,25739,1140.2,pinch_1.csv
144,10,14,8,329,311,1.05788,25620.5,1139.12,pinch_1.csv
144,10,14,7,328,309,1.06149,25407.5,1134.78,pinch_1.csv
144,10,13,6,327,307,1.06515,25021.5,1130.3,pinch_1.csv
144,10,13,7,322,298,1.08054,24370.5,1139.75,pinch_1.csv
144,10,11,5,312,281,1.11032,23489,1154.48,pinch_1.csv
144,10,16,11,302,243,1.2428,22328.5,1155.41,pinch_1.csv
144,10,14,8,293,236,1.24153,23590,869.117,pinch_1.csv
144,10,16,10,291,236,1.23305,23397,865.602,pinch_1.csv
144,10,14,10,292,236,1.23729,23403,854.632,pinch_1.csv
144,10,18,13,292,236,1.23729,23387,855.46,pinch_1.csv
144,10,17,12,292,236,1.23729,23316.5,860.531,pinch_1.csv
144,10,17,11,291,236,1.23305,23268,859.46,pinch_1.csv
144,10,18,11,291,236,1.23305,23219,860.288,pinch_1.csv
144,10,18,13,290,237,1.22363,23094.5,864.673,pinch_1.csv
144,10,20,14,287,239,1.20084,22941.5,874.673,pinch_1.csv
144,10,19,14,284,243,1.16872,22842,879.401,pinch_1.csv
144,10,18,13,280,247,1.1336,22714.5,879.845,pinch_1.csv
144,10,19,15,275,258,1.06589,20766,1128.96,pinch_1.csv
144,10,14,10,275,293,0.938567,20845.5,1125.49,pinch_1.csv
144,10,13,9,279,332,0.840361,21200.5,1151.35,pinch_1.csv
144,10,13,7,281,346,0.812139,21126,1171.51,pinch_1.csv
144,10,16,10,278,354,0.785311,20827.5,1183.95,pinch_1.csv
144,10,11,6,274,359,0.763231,20455.5,1140.21,pinch_1.csv
144,10,12,7,271,363,0.746556,20130,1137,pinch_1.csv
144,10,13,7,267,367,0.72752,19819,1137.69,pinch_1.csv
144,10,13,8,264,370,0.713514,19558.5,1135.79,pinch_1.csv
144,10,14,8,262,372,0.704301,19418.5,1137.79,pinch_1.csv
144,10,14,8,261,373,0.699732,19332,1134.57,pinch_1.csv
144,10,13,7,262,374,0.700535,19317,1138.92,pinch_1.csv
144,10,15,9,262,374,0.700535,19323,1135.4,pinch_1.csv
144,10,11,6,262,374,0.700535,19334.5,1134.82,pinch_1.csv
144,10,11,5,264,374,0.705882,19294,1139.2,pinch_1.csv
144,10,11,5,264,374,0.705882,19278,1140.37,pinch_1.csv
144,10,12,8,266,375,0.709333,19290.5,1144.27,pinch_1.csv
144,10,12,6,266,375,0.709333,19306,1145.2,pinch_1.csv
144,10,11,6,266,375,0.709333,19367,1146.86,pinch_1.csv
144,10,15,10,267,376,0.710106,19380.5,1156.76,pinch_1.csv
144,10,14,9,268,376,0.712766,19425.5,1155.24,pinch_1.csv
144,10,12,7,269,376,0.715426,19491,1156.31,pinch_1.csv
144,10,12,8,271,376,0.720745,19536.5,1162.21,pinch_1.csv
144,10,13,9,272,375,0.725333,19537,1161.63,pinch_1.csv
144,10,12,9,273,376,0.726064,19540.5,1156.7,pinch_1.csv
144,10,11,9,274,376,0.728723,19618,1163.77,pinch_1.csv
144,10,11,6,276,376,0.734043,19737.5,1167.33,pinch_1.csv
144,10,12,8,278,376,0.739362,19973,1230.54,pinch_1.csv
144,10,11,6,279,376,0.742021,19959,1163.91,pinch_1.csv
144,10,14,7,280,375,0.746667,20032,1164.74,pinch_1.csv
144,10,12,7,280,376,0.744681,20059,1174.88,pinch_1.csv
144,10,11,6,281,376,0.74734,20201.5,1237.75,pinch_1.csv
144,10,13,6,281,377,0.745358,20186.5,1170.64,pinch_1.csv
144,10,12,6,282,375,0.752,20199,1175.02,pinch_1.csv
144,10,17,12,276,346,0.797688,19621,1188.28,pinch_1.csv
144,10,18,13,216,306,0.705882,17828,924.23,pinch_1.csv
144,10,18,12,213,297,0.717172,17475,915.259,pinch_1.csv
144,10,18,13,212,298,0.711409,17587.5,917.159,pinch_1.csv
144,10,17,12,210,299,0.702341,17616.5,914.673,pinch_1.csv
144,10,18,14,207,301,0.687708,17569.5,945.502,pinch_1.csv
144,10,18,13,205,303,0.676568,17577,942.916,pinch_1.csv
144,10,20,14,225,309,0.728155,17771.5,1048.76,pinch_1.csv
144,10,19,15,225,310,0.725806,17717,1052.03,pinch_1.csv
144,10,18,14,228,310,0.735484,17722,1025.89,pinch_1.csv
144,10,18,14,222,320,0.69375,17922.5,972.129,pinch_1.csv
144,10,16,11,238,359,0.662953,18819,1043.02,pinch_1.csv
144,10,15,10,244,364,0.67033,19408.5,1061.75,pinch_1.csv
144,10,15,11,253,360,0.702778,19894.5,1073.07,pinch_1.csv
144,10,14,8,265,353,0.750708,20318.5,1076.38,pinch_1.csv
144,10,15,8,316,343,0.921283,21708,1220.56,pinch_1.csv
144,10,15,8,323,335,0.964179,21992,1284.16,pinch_1.csv
144,10,15,9,329,330,0.99697,22289.5,1329.37,pinch_1.csv
144,10,12,7,333,325,1.02462,22233.5,1280.75,pinch_1.csv
144,10,12,5,335,320,1.04688,21947.5,1214.95,pinch_1.csv
144,10,12,6,338,316,1.06962,21867.5,1217.63,pinch_1.csv
144,10,15,8,339,314,1.07962,21860,1210.22,pinch_1.csv
144,10,13,8,340,314,1.0828,21902,1221.39,pinch_1.csv
144,10,11,7,339,315,1.07619,21944,1228.02,pinch_1.csv
144,10,14,8,338,317,1.06625,22221,1239.39,pinch_1.csv
144,10,15,8,335,321,1.04361,22084,1225.88,pinch_1.csv
144,10,15,8,333,325,1.02462,22142.5,1228.32,pinch_1.csv
144,10,14,7,331,327,1.01223,22152.5,1229.83,pinch_1.csv
144,10,15,8,329,330,0.99697,22087,1229.94,pinch_1.csv
144,10,13,6,327,332,0.98494,22010,1224.91,pinch_1.csv
144,10,15,9,325,328,0.990854,21862.5,1221.83,pinch_1.csv
144,10,17,10,260,278,0.935252,19843.5,947.526,pinch_1.csv
144,10,21,14,250,256,0.976562,18519.5,870.271,pinch_1.csv
144,10,21,14,247,256,0.964844,18359.5,875.443,pinch_1.csv
144,10,18,11,244,257,0.949416,18327.5,874.271,pinch_1.csv
144,10,18,11,243,257,0.945525,18273,869.2,pinch_1.csv
144,10,20,15,244,256,0.953125,18239,873.2,pinch_1.csv
144,10,18,11,242,256,0.945312,18293,898.029,pinch_1.csv
144,10,18,12,243,256,0.949219,18289,900.171,pinch_1.csv
144,10,19,12,243,255,0.952941,18262,907.685,pinch_1.csv
144,10,17,13,244,255,0.956863,18319.5,894.413,pinch_1.csv
144,10,17,12,242,255,0.94902,18332.5,897.443,pinch_1.csv
144,10,22,15,244,272,0.897059,19112.5,978.354,pinch_1.csv
144,10,15,9,305,332,0.918675,21438.5,1235.57,pinch_1.csv
144,10,14,9,311,344,0.90407,21751.5,1213.55,pinch_1.csv
144,10,12,5,312,347,0.899135,21842,1243.85,pinch_1.csv
144,10,14,9,311,349,0.891117,22029.5,1172.5,pinch_1.csv
144,10,15,8,311,349,0.891117,22086,1170.45,pinch_1.csv
144,10,13,8,311,349,0.891117,22101.5,1171.53,pinch_1.csv
144,10,11,5,311,348,0.893678,22140.5,1168.7,pinch_1.csv
144,10,14,8,311,348,0.893678,22150,1162.94,pinch_1.csv
144,10,13,6,310,348,0.890805,22138,1160.11,pinch_1.csv
144,10,13,6,309,347,0.89049,22057.5,1159.87,pinch_1.csv
144,10,14,7,306,348,0.87931,21938,1157.63,pinch_1.csv
144,10,13,7,305,348,0.876437,21891,1152.11,pinch_1.csv
144,10,11,6,303,349,0.868195,21801.5,1150.7,pinch_1.csv
144,10,11,4,302,350,0.862857,21781,1145.97,pinch_1.csv
144,10,12,6,299,350,0.854286,21688.5,1143.73,pinch_1.csv
144,10,13,9,235,340,0.691176,20182,995.283,pinch_1.csv
144,10,20,13,219,280,0.782143,18652,861.46,pinch_1.csv
144,10,21,15,205,270,0.759259,17916.5,891.845,pinch_1.csv
144,10,18,14,218,271,0.804428,18224,896.774,pinch_1.csv
144,10,21,16,217,272,0.797794,18256,898.573,pinch_1.csv
144,10,18,14,215,272,0.790441,18212.5,893.502,pinch_1.csv
144,10,19,14,214,272,0.786765,18196,893.259,pinch_1.csv
144,10,17,14,238,271,0.878229,18391,978.029,pinch_1.csv
144,10,18,13,235,271,0.867159,18330.5,955.644,pinch_1.csv
144,10,16,13,232,272,0.852941,18262.5,948.33,pinch_1.csv
144,10,19,15,229,273,0.838828,18213,946.916,pinch_1.csv
144,10,21,15,225,275,0.818182,18107,944.087,pinch_1.csv
144,10,19,13,221,277,0.797834,17970,944.431,pinch_1.csv
144,10,17,11,237,278,0.852518,18605,1104.25,pinch_1.csv
144,10,17,10,234,278,0.841727,18445.5,1104.7,pinch_1.csv
144,10,20,13,231,279,0.827957,18339,1108.11,pinch_1.csv
144,10,17,12,231,279,0.827957,18256,1100.31,pinch_1.csv
144,10,15,12,230,280,0.821429,18275,1107.28,pinch_1.csv
144,10,16,10,227,285,0.796491,18367.5,1100.84,pinch_1.csv
144,10,16,10,238,312,0.762821,19307.5,1111.95,pinch_1.csv
144,10,12,8,255,347,0.73487,20057.5,1137.53,pinch_1.csv
144,10,12,6,264,353,0.747875,20845,1064.09,pinch_1.csv
144,10,12,6,267,354,0.754237,20748.5,1149.64,pinch_1.csv
144,10,10,5,268,353,0.759207,20853.5,1146.47,pinch_1.csv
144,10,12,6,268,352,0.761364,20883.5,1138.33,pinch_1.csv
144,10,11,5,267,352,0.758523,20866,1137.26,pinch_1.csv
